url_sitemap,url_finale,status,redirect_count,error,canonical,meta_robots,title,description,h1,html_size,is_noindex,is_soft404,is_redirect,is_error,canonical_differs
https://maximusscpi.com/,https://maximusscpi.com/,200,0,,https://maximusscpi.com/,index, follow, max-image-preview:large, max-snippet:-1, max-video-preview:-1,MaximusSCPI — Investir en SCPI avec un Expert Certifié ORIAS,Comparez 63 SCPI en temps réel ✓ Rendements jusqu,,7490,false,false,false,false,false
https://maximusscpi.com/comparateur-scpi/,https://maximusscpi.com/comparateur-scpi/,200,0,,https://maximusscpi.com/,index, follow, max-image-preview:large, max-snippet:-1, max-video-preview:-1,MaximusSCPI — Investir en SCPI avec un Expert Certifié ORIAS,Comparez 63 SCPI en temps réel ✓ Rendements jusqu,,7490,false,false,false,false,true
https://maximusscpi.com/meilleures-scpi-rendement/,https://maximusscpi.com/meilleures-scpi-rendement/,200,0,,https://maximusscpi.com/meilleures-scpi-rendement/,,Meilleures SCPI 2026 : Top SCPI Rendement (jusqu\u2019à 11,18%),Classement des meilleures SCPI de rendement 2026. Taux de distribution, frais, capitalisation. Sélection par un conseiller certifié ORIAS.,,4164,false,false,false,false,false
https://maximusscpi.com/scpi-fiscales/,https://maximusscpi.com/scpi-fiscales/,200,0,,https://maximusscpi.com/scpi-fiscales/,,SCPI Fiscales 2026 | Réduire ses Impôts avec Malraux et Déficit Foncier,Réduisez vos impôts avec les SCPI fiscales. Découvrez les dispositifs Malraux et Déficit Foncier pour optimiser votre fiscalité immobilière.,,4144,false,false,false,false,false
https://maximusscpi.com/scpi-europeennes/,https://maximusscpi.com/scpi-europeennes/,200,0,,https://maximusscpi.com/,index, follow, max-image-preview:large, max-snippet:-1, max-video-preview:-1,MaximusSCPI — Investir en SCPI avec un Expert Certifié ORIAS,Comparez 63 SCPI en temps réel ✓ Rendements jusqu,,7490,false,false,false,false,true
https://maximusscpi.com/preparer-retraite-scpi/,https://maximusscpi.com/preparer-retraite-scpi/,200,0,,https://maximusscpi.com/preparer-retraite-scpi/,,Préparer sa Retraite avec les SCPI | Complément de Revenu Garanti,Préparez sereinement votre retraite avec les SCPI. Percevez un complément de revenu régulier grâce aux revenus locatifs immobiliers.,,4133,false,false,false,false,false
https://maximusscpi.com/revenu-complementaire-scpi/,https://maximusscpi.com/revenu-complementaire-scpi/,200,0,,https://maximusscpi.com/revenu-complementaire-scpi/,,Générer un Revenu Complémentaire avec les SCPI | Revenus Passifs,Générez un revenu complémentaire régulier avec les SCPI. Percevez des loyers mensuels ou trimestriels sans gestion locative.,,4117,false,false,false,false,false
https://maximusscpi.com/scpi-bureaux-investissement/,https://maximusscpi.com/scpi-bureaux/,-1,10,,,,,,,0,false,false,false,false,false
https://maximusscpi.com/scpi-commerces-investissement/,https://maximusscpi.com/scpi-commerces/,-1,10,,,,,,,0,false,false,false,false,false
https://maximusscpi.com/scpi-sante-investissement/,https://maximusscpi.com/scpi-sante/,-1,10,,,,,,,0,false,false,false,false,false
https://maximusscpi.com/scpi-france-investissement/,https://maximusscpi.com/scpi-france/,-1,10,,,,,,,0,false,false,false,false,false
https://maximusscpi.com/scpi-sans-frais/,https://maximusscpi.com/scpi-sans-frais/,200,0,,https://maximusscpi.com/scpi-sans-frais/,,SCPI Sans Frais VS Avec Frais 2026 | Comparatif et Conseils,Découvrez les différences entre SCPI sans frais de souscription et SCPI avec frais. Analyse complète des avantages et inconvénients pour choisir.,,4126,false,false,false,false,false
https://maximusscpi.com/comprendre-les-scpi/,https://maximusscpi.com/comprendre-les-scpi,200,1,,https://maximusscpi.com/comprendre-les-scpi/,index, follow,Comprendre les SCPI : Guide Complet 2026 | Maximus SCPI,Guide complet pour comprendre les SCPI : fonctionnement, avantages, types d,,2594,false,false,true,false,false
https://maximusscpi.com/faq/,https://maximusscpi.com/faq/,200,0,,https://maximusscpi.com/,index, follow, max-image-preview:large, max-snippet:-1, max-video-preview:-1,MaximusSCPI — Investir en SCPI avec un Expert Certifié ORIAS,Comparez 63 SCPI en temps réel ✓ Rendements jusqu,,7490,false,false,false,false,true
https://maximusscpi.com/investir-scpi/,https://maximusscpi.com/investir-scpi/,200,0,,https://maximusscpi.com/,index, follow, max-image-preview:large, max-snippet:-1, max-video-preview:-1,MaximusSCPI — Investir en SCPI avec un Expert Certifié ORIAS,Comparez 63 SCPI en temps réel ✓ Rendements jusqu,,7490,false,false,false,false,true
https://maximusscpi.com/simulateurs/,https://maximusscpi.com/simulateurs/,200,0,,https://maximusscpi.com/,index, follow, max-image-preview:large, max-snippet:-1, max-video-preview:-1,MaximusSCPI — Investir en SCPI avec un Expert Certifié ORIAS,Comparez 63 SCPI en temps réel ✓ Rendements jusqu,,7490,false,false,false,false,true
https://maximusscpi.com/simulateur-revenus-nets-scpi/,https://maximusscpi.com/simulateur-revenus-nets-scpi/,200,0,,https://maximusscpi.com/,index, follow, max-image-preview:large, max-snippet:-1, max-video-preview:-1,MaximusSCPI — Investir en SCPI avec un Expert Certifié ORIAS,Comparez 63 SCPI en temps réel ✓ Rendements jusqu,,7490,false,false,false,false,true
https://maximusscpi.com/simulateur-credit-scpi/,https://maximusscpi.com/simulateur-credit-scpi/,200,0,,https://maximusscpi.com/,index, follow, max-image-preview:large, max-snippet:-1, max-video-preview:-1,MaximusSCPI — Investir en SCPI avec un Expert Certifié ORIAS,Comparez 63 SCPI en temps réel ✓ Rendements jusqu,,7490,false,false,false,false,true
https://maximusscpi.com/simulateur-demembrement-scpi/,https://maximusscpi.com/simulateur-demembrement-scpi/,200,0,,https://maximusscpi.com/,index, follow, max-image-preview:large, max-snippet:-1, max-video-preview:-1,MaximusSCPI — Investir en SCPI avec un Expert Certifié ORIAS,Comparez 63 SCPI en temps réel ✓ Rendements jusqu,,7490,false,false,false,false,true
https://maximusscpi.com/simulateur-enveloppes-scpi/,https://maximusscpi.com/simulateur-enveloppes-scpi/,200,0,,https://maximusscpi.com/,index, follow, max-image-preview:large, max-snippet:-1, max-video-preview:-1,MaximusSCPI — Investir en SCPI avec un Expert Certifié ORIAS,Comparez 63 SCPI en temps réel ✓ Rendements jusqu,,7490,false,false,false,false,true
https://maximusscpi.com/simulateur-tresorerie-is/,https://maximusscpi.com/simulateur-tresorerie-is/,200,0,,https://maximusscpi.com/,index, follow, max-image-preview:large, max-snippet:-1, max-video-preview:-1,MaximusSCPI — Investir en SCPI avec un Expert Certifié ORIAS,Comparez 63 SCPI en temps réel ✓ Rendements jusqu,,7490,false,false,false,false,true
https://maximusscpi.com/simulateur-impact-fiscal-scpi/,https://maximusscpi.com/simulateur-impact-fiscal-scpi/,200,0,,https://maximusscpi.com/,index, follow, max-image-preview:large, max-snippet:-1, max-video-preview:-1,MaximusSCPI — Investir en SCPI avec un Expert Certifié ORIAS,Comparez 63 SCPI en temps réel ✓ Rendements jusqu,,7490,false,false,false,false,true
https://maximusscpi.com/simulateur-profil-investisseur/,https://maximusscpi.com/simulateur-profil-investisseur/,200,0,,https://maximusscpi.com/,index, follow, max-image-preview:large, max-snippet:-1, max-video-preview:-1,MaximusSCPI — Investir en SCPI avec un Expert Certifié ORIAS,Comparez 63 SCPI en temps réel ✓ Rendements jusqu,,7490,false,false,false,false,true
https://maximusscpi.com/comparateur-demembrement-scpi/,https://maximusscpi.com/comparateur-demembrement-scpi/,200,0,,https://maximusscpi.com/,index, follow, max-image-preview:large, max-snippet:-1, max-video-preview:-1,MaximusSCPI — Investir en SCPI avec un Expert Certifié ORIAS,Comparez 63 SCPI en temps réel ✓ Rendements jusqu,,7490,false,false,false,false,true
https://maximusscpi.com/scpi-bureaux/,https://maximusscpi.com/scpi-bureaux/,-1,10,,,,,,,0,false,false,false,false,false
https://maximusscpi.com/scpi-commerces/,https://maximusscpi.com/scpi-commerces/,-1,10,,,,,,,0,false,false,false,false,false
https://maximusscpi.com/scpi-sante/,https://maximusscpi.com/scpi-sante/,-1,10,,,,,,,0,false,false,false,false,false
https://maximusscpi.com/scpi-logistique/,https://maximusscpi.com/scpi-logistique/,-1,10,,,,,,,0,false,false,false,false,false
https://maximusscpi.com/scpi-residentiel/,https://maximusscpi.com/scpi-residentiel/,-1,10,,,,,,,0,false,false,false,false,false
https://maximusscpi.com/scpi-hotellerie/,https://maximusscpi.com/scpi-hotellerie/,-1,10,,,,,,,0,false,false,false,false,false
https://maximusscpi.com/scpi-mixte/,https://maximusscpi.com/scpi-mixte/,200,0,,https://maximusscpi.com/,index, follow, max-image-preview:large, max-snippet:-1, max-video-preview:-1,MaximusSCPI — Investir en SCPI avec un Expert Certifié ORIAS,Comparez 63 SCPI en temps réel ✓ Rendements jusqu,,7490,false,false,false,false,true
https://maximusscpi.com/scpi-france/,https://maximusscpi.com/scpi-france/,-1,10,,,,,,,0,false,false,false,false,false
https://maximusscpi.com/scpi-europe/,https://maximusscpi.com/scpi-europeennes/,200,1,,https://maximusscpi.com/,index, follow, max-image-preview:large, max-snippet:-1, max-video-preview:-1,MaximusSCPI — Investir en SCPI avec un Expert Certifié ORIAS,Comparez 63 SCPI en temps réel ✓ Rendements jusqu,,7490,false,false,true,false,true
https://maximusscpi.com/scpi-international/,https://maximusscpi.com/scpi-international/,200,0,,https://maximusscpi.com/,index, follow, max-image-preview:large, max-snippet:-1, max-video-preview:-1,MaximusSCPI — Investir en SCPI avec un Expert Certifié ORIAS,Comparez 63 SCPI en temps réel ✓ Rendements jusqu,,7490,false,false,false,false,true
https://maximusscpi.com/expertise-orias-cif/,https://maximusscpi.com/expertise-orias-cif/,200,0,,https://maximusscpi.com/,index, follow, max-image-preview:large, max-snippet:-1, max-video-preview:-1,MaximusSCPI — Investir en SCPI avec un Expert Certifié ORIAS,Comparez 63 SCPI en temps réel ✓ Rendements jusqu,,7490,false,false,false,false,true
https://maximusscpi.com/methodologie-donnees-scpi/,https://maximusscpi.com/methodologie-donnees-scpi/,200,0,,https://maximusscpi.com/,index, follow, max-image-preview:large, max-snippet:-1, max-video-preview:-1,MaximusSCPI — Investir en SCPI avec un Expert Certifié ORIAS,Comparez 63 SCPI en temps réel ✓ Rendements jusqu,,7490,false,false,false,false,true
https://maximusscpi.com/avertissements-risques-scpi/,https://maximusscpi.com/avertissements-risques-scpi/,200,0,,https://maximusscpi.com/,index, follow, max-image-preview:large, max-snippet:-1, max-video-preview:-1,MaximusSCPI — Investir en SCPI avec un Expert Certifié ORIAS,Comparez 63 SCPI en temps réel ✓ Rendements jusqu,,7490,false,false,false,false,true
https://maximusscpi.com/qui-sommes-nous/,https://maximusscpi.com/qui-sommes-nous/,200,0,,https://maximusscpi.com/,index, follow, max-image-preview:large, max-snippet:-1, max-video-preview:-1,MaximusSCPI — Investir en SCPI avec un Expert Certifié ORIAS,Comparez 63 SCPI en temps réel ✓ Rendements jusqu,,7490,false,false,false,false,true
https://maximusscpi.com/alderan-scpi/,https://maximusscpi.com/alderan-scpi/,200,0,,https://maximusscpi.com/alderan-scpi/,,SCPI Alderan 2026 | Comète - Expertise et Performance,Découvrez les SCPI gérées par Alderan. Société de gestion innovante spécialisée dans l\,,3855,false,false,false,false,false
https://maximusscpi.com/arkea-reim-scpi/,https://maximusscpi.com/arkea-reim-scpi/,200,0,,https://maximusscpi.com/arkea-reim-scpi/,,SCPI Arkéa REIM 2026 | Transitions Europe - Expertise Immobilière,Découvrez les SCPI gérées par Arkéa REIM. Groupe Arkéa, solidité financière et expertise reconnue en immobilier européen.,,4054,false,false,false,false,false
https://maximusscpi.com/la-francaise-rem-scpi/,https://maximusscpi.com/la-francaise-rem-scpi/,200,0,,https://maximusscpi.com/la-francaise-rem-scpi/,,SCPI La Française REM 2026 | Leader Français - Expertise Reconnue,Découvrez les SCPI gérées par La Française REM, leader français de la gestion immobilière avec plus de 10 milliards d\,,4072,false,false,false,false,false
https://maximusscpi.com/atland-voisin-scpi/,https://maximusscpi.com/atland-voisin-scpi/,200,0,,https://maximusscpi.com/atland-voisin-scpi/,,SCPI Atland Voisin 2026 | Épargne Pierre Europe - Expertise Patrimoniale,Découvrez les SCPI gérées par Atland Voisin, spécialiste du conseil patrimonial avec une approche client unique et personnalisée.,,4129,false,false,false,false,false
https://maximusscpi.com/aestiam-scpi/,https://maximusscpi.com/aestiam-scpi/,200,0,,https://maximusscpi.com/aestiam-scpi/,,SCPI Aestiam 2026 | Pierre Rendement (5.04%), Cap Hebergimmo (4.55%), Placement Pierre (4.85%),Aestiam : gestionnaire historique de SCPI avec 30 ans d\,,3895,false,false,false,false,false
https://maximusscpi.com/altixia-reim-scpi/,https://maximusscpi.com/altixia-reim-scpi/,200,0,,https://maximusscpi.com/altixia-reim-scpi/,,SCPI Altixia REIM 2026 | Commerces, Cadence 12, Convictions,Découvrez les SCPI Altixia REIM : Commerces (4.61%), Cadence 12 (5.10%), Convictions. Spécialiste des commerces et bureaux français.,,4084,false,false,false,false,false
https://maximusscpi.com/amundi-immobilier-scpi/,https://maximusscpi.com/amundi-immobilier-scpi/,200,0,,https://maximusscpi.com/amundi-immobilier-scpi/,,SCPI Amundi Immobilier 2026 | Primo et AgriNova,Découvrez les SCPI Amundi Immobilier : Primo (4.50%) et AgriNova. La puissance du groupe Amundi au service de l\,,3981,false,false,false,false,false
https://maximusscpi.com/atream-scpi/,https://maximusscpi.com/atream-scpi/,200,0,,https://maximusscpi.com/atream-scpi/,,SCPI Atream 2026 | Pierre Capitale, Eurovalys,Découvrez les SCPI Atream : Pierre Capitale et Eurovalys. Gestionnaire indépendant spécialisé dans l\,,3874,false,false,false,false,false
https://maximusscpi.com/consultim-asset-management-scpi/,https://maximusscpi.com/consultim-asset-management-scpi/,200,0,,https://maximusscpi.com/consultim-asset-management-scpi/,,SCPI Consultim Asset Management 2026,Découvrez les SCPI gérées par Consultim Asset Management. Gestionnaire spécialisé en immobilier d\,,3926,false,false,false,false,false
https://maximusscpi.com/fiducial-gerance-scpi/,https://maximusscpi.com/fiducial-gerance-scpi/,200,0,,https://maximusscpi.com/fiducial-gerance-scpi/,,SCPI Fiducial Gérance 2026 | Force du Groupe Fiducial N°1 France,Fiducial Gérance : filiale immobilière du groupe Fiducial, N°1 français services entreprises (18 000 collaborateurs, 6000 agences). Solidité financière exceptionnelle. Expertise immobilier tertiaire. Gestion rigoureuse. Guide complet 2026.,,4552,false,false,false,false,false
https://maximusscpi.com/greenman-arth-scpi/,https://maximusscpi.com/greenman-arth-scpi/,200,0,,https://maximusscpi.com/greenman-arth-scpi/,,SCPI Greenman ARTH 2026,Découvrez les SCPI Greenman ARTH. Gestionnaire spécialisé dans l\,,3677,false,false,false,false,false
https://maximusscpi.com/inter-gestion-reim-scpi/,https://maximusscpi.com/inter-gestion-reim-scpi/,200,0,,https://maximusscpi.com/inter-gestion-reim-scpi/,,SCPI Inter Gestion REIM 2026,Découvrez les SCPI Inter Gestion REIM. Gestionnaire indépendant spécialisé en immobilier tertiaire.,,3858,false,false,false,false,false
https://maximusscpi.com/iroko-scpi/,https://maximusscpi.com/iroko-scpi/,200,0,,https://maximusscpi.com/iroko-scpi/,,SCPI Iroko 2026 | Zen (5.80%), Global (4.70%),Découvrez les SCPI Iroko : Zen (5.80%) et Global (4.70%). Gestionnaire innovant spécialisé dans l\,,3857,false,false,false,false,false
https://maximusscpi.com/kyaneos-asset-management-scpi/,https://maximusscpi.com/kyaneos-asset-management-scpi/,200,0,,https://maximusscpi.com/kyaneos-asset-management-scpi/,,SCPI Kyaneos Asset Management 2026,Découvrez les SCPI Kyaneos Asset Management. Gestionnaire spécialisé en immobilier d\,,3856,false,false,false,false,false
https://maximusscpi.com/magellim-reim-scpi/,https://maximusscpi.com/magellim-reim-scpi/,200,0,,https://maximusscpi.com/magellim-reim-scpi/,,SCPI Magellim REIM 2026,Découvrez les SCPI Magellim REIM. Gestionnaire spécialisé en immobilier d\,,3713,false,false,false,false,false
https://maximusscpi.com/norma-capital-scpi/,https://maximusscpi.com/norma-capital-scpi/,200,0,,https://maximusscpi.com/norma-capital-scpi/,,SCPI Norma Capital 2026,Découvrez les SCPI Norma Capital. Gestionnaire spécialisé en immobilier d\,,3713,false,false,false,false,false
https://maximusscpi.com/novaxia-investissement-scpi/,https://maximusscpi.com/novaxia-investissement-scpi/,200,0,,https://maximusscpi.com/novaxia-investissement-scpi/,,SCPI Novaxia Investissement 2026 | Neo (4.90%), Immorente,Découvrez les SCPI Novaxia : Neo (4.90%) et Immorente. Spécialiste de la transformation immobilière et du logement intermédiaire.,,4114,false,false,false,false,false
https://maximusscpi.com/paref-gestion-scpi/,https://maximusscpi.com/paref-gestion-scpi/,200,0,,https://maximusscpi.com/paref-gestion-scpi/,,SCPI Paref Gestion 2026,Découvrez les SCPI Paref Gestion. Gestionnaire historique spécialisé en immobilier tertiaire français.,,3825,false,false,false,false,false
https://maximusscpi.com/perial-asset-management-scpi/,https://maximusscpi.com/perial-asset-management-scpi/,200,0,,https://maximusscpi.com/perial-asset-management-scpi/,,SCPI Perial Asset Management 2026 | PF Grand Paris, PFO2, PF Hospitalité Europe,Découvrez les SCPI Perial : PF Grand Paris (4.51%), PFO2 (4.40%), PF Hospitalité Europe (5.95%). Leader avec 15 Mds€ d\,,4167,false,false,false,false,false
https://maximusscpi.com/praemia-reim-france-scpi/,https://maximusscpi.com/praemia-reim-france-scpi/,200,0,,https://maximusscpi.com/praemia-reim-france-scpi/,,SCPI Praemia REIM France 2026 | Pierre Patrimoine, Interpierre,Découvrez les SCPI Praemia REIM : Pierre Patrimoine et Interpierre. Gestionnaire indépendant avec expertise en immobilier français.,,4127,false,false,false,false,false
https://maximusscpi.com/remake-asset-management-scpi/,https://maximusscpi.com/remake-asset-management-scpi/,200,0,,https://maximusscpi.com/remake-asset-management-scpi/,,SCPI Remake Asset Management 2026,Découvrez les SCPI Remake Asset Management. Gestionnaire spécialisé en transformation immobilière et recyclage urbain.,,3979,false,false,false,false,false
https://maximusscpi.com/sofidy-scpi/,https://maximusscpi.com/sofidy-scpi/,200,0,,https://maximusscpi.com/sofidy-scpi/,,SCPI Sofidy 2026 | Edissimmo, InterContinents, Immorente 2,Découvrez les SCPI Sofidy : Edissimmo (4.40%), InterContinents (4.70%). Gestionnaire historique avec 50 ans d\,,3962,false,false,false,false,false
https://maximusscpi.com/sogenial-immobilier-scpi/,https://maximusscpi.com/sogenial-immobilier-scpi/,200,0,,https://maximusscpi.com/sogenial-immobilier-scpi/,,SCPI Sogenial Immobilier 2026 | Remake Live (7.70%), Immorente (4.35%),Découvrez les SCPI Sogenial : Remake Live (7.70% - transformation urbaine), Immorente (4.35% - résidentiel). Filiale Crédit du Nord.,,4163,false,false,false,false,false
https://maximusscpi.com/swiss-life-am-france-scpi/,https://maximusscpi.com/swiss-life-am-france-scpi/,200,0,,https://maximusscpi.com/swiss-life-am-france-scpi/,,SCPI Swiss Life AM France 2026 | Renovalys, Swiss Life Dynapierre,Découvrez les SCPI Swiss Life : Renovalys et Dynapierre. La puissance du groupe Swiss Life au service de l\,,4048,false,false,false,false,false
https://maximusscpi.com/theoreim-scpi/,https://maximusscpi.com/theoreim-scpi/,200,0,,https://maximusscpi.com/theoreim-scpi/,,SCPI Théoreim 2026,Découvrez les SCPI Théoreim. Gestionnaire spécialisé en immobilier d\,,3648,false,false,false,false,false
https://maximusscpi.com/urban-premium-scpi/,https://maximusscpi.com/urban-premium-scpi/,200,0,,https://maximusscpi.com/urban-premium-scpi/,,SCPI Urban Premium 2026,Découvrez les SCPI Urban Premium. Gestionnaire spécialisé en immobilier premium urbain.,,3765,false,false,false,false,false
https://maximusscpi.com/articles/fonds-euros-ou-scpi/,https://maximusscpi.com/articles/fonds-euros-ou-scpi/,200,0,,https://maximusscpi.com/,index, follow, max-image-preview:large, max-snippet:-1, max-video-preview:-1,MaximusSCPI — Investir en SCPI avec un Expert Certifié ORIAS,Comparez 63 SCPI en temps réel ✓ Rendements jusqu,,7490,false,false,false,false,true
https://maximusscpi.com/articles/scpi-en-direct-ou-assurance-vie/,https://maximusscpi.com/articles/scpi-en-direct-ou-assurance-vie/,200,0,,https://maximusscpi.com/,index, follow, max-image-preview:large, max-snippet:-1, max-video-preview:-1,MaximusSCPI — Investir en SCPI avec un Expert Certifié ORIAS,Comparez 63 SCPI en temps réel ✓ Rendements jusqu,,7490,false,false,false,false,true
https://maximusscpi.com/articles/100000-euros-fonds-euros-cout-opportunite/,https://maximusscpi.com/articles/100000-euros-fonds-euros-cout-opportunite/,200,0,,https://maximusscpi.com/,index, follow, max-image-preview:large, max-snippet:-1, max-video-preview:-1,MaximusSCPI — Investir en SCPI avec un Expert Certifié ORIAS,Comparez 63 SCPI en temps réel ✓ Rendements jusqu,,7490,false,false,false,false,true
https://maximusscpi.com/articles/investir-200000-euros-scpi-portefeuille-diversifie/,https://maximusscpi.com/articles/investir-200000-euros-scpi-portefeuille-diversifie/,200,0,,https://maximusscpi.com/,index, follow, max-image-preview:large, max-snippet:-1, max-video-preview:-1,MaximusSCPI — Investir en SCPI avec un Expert Certifié ORIAS,Comparez 63 SCPI en temps réel ✓ Rendements jusqu,,7490,false,false,false,false,true
https://maximusscpi.com/articles/scpi-ou-immobilier-locatif-comparatif-20-ans/,https://maximusscpi.com/articles/scpi-ou-immobilier-locatif-comparatif-20-ans/,200,0,,https://maximusscpi.com/,index, follow, max-image-preview:large, max-snippet:-1, max-video-preview:-1,MaximusSCPI — Investir en SCPI avec un Expert Certifié ORIAS,Comparez 63 SCPI en temps réel ✓ Rendements jusqu,,7490,false,false,false,false,true
https://maximusscpi.com/articles/achat-scpi-credit-effet-levier-fiscalite/,https://maximusscpi.com/articles/achat-scpi-credit-effet-levier-fiscalite/,200,0,,https://maximusscpi.com/,index, follow, max-image-preview:large, max-snippet:-1, max-video-preview:-1,MaximusSCPI — Investir en SCPI avec un Expert Certifié ORIAS,Comparez 63 SCPI en temps réel ✓ Rendements jusqu,,7490,false,false,false,false,true
https://maximusscpi.com/articles/demembrement-scpi-nue-propriete-usufruit/,https://maximusscpi.com/articles/demembrement-scpi-nue-propriete-usufruit/,200,0,,https://maximusscpi.com/,index, follow, max-image-preview:large, max-snippet:-1, max-video-preview:-1,MaximusSCPI — Investir en SCPI avec un Expert Certifié ORIAS,Comparez 63 SCPI en temps réel ✓ Rendements jusqu,,7490,false,false,false,false,true
https://maximusscpi.com/articles/per-scpi-retraite-deduction-fiscale/,https://maximusscpi.com/articles/per-scpi-retraite-deduction-fiscale/,200,0,,https://maximusscpi.com/,index, follow, max-image-preview:large, max-snippet:-1, max-video-preview:-1,MaximusSCPI — Investir en SCPI avec un Expert Certifié ORIAS,Comparez 63 SCPI en temps réel ✓ Rendements jusqu,,7490,false,false,false,false,true
https://maximusscpi.com/articles/sci-scpi-societe-civile-immobiliere-parts/,https://maximusscpi.com/articles/sci-scpi-societe-civile-immobiliere-parts/,200,0,,https://maximusscpi.com/,index, follow, max-image-preview:large, max-snippet:-1, max-video-preview:-1,MaximusSCPI — Investir en SCPI avec un Expert Certifié ORIAS,Comparez 63 SCPI en temps réel ✓ Rendements jusqu,,7490,false,false,false,false,true
https://maximusscpi.com/articles/diversification-scpi-combien-nombre-parts/,https://maximusscpi.com/articles/diversification-scpi-combien-nombre-parts/,200,0,,https://maximusscpi.com/,index, follow, max-image-preview:large, max-snippet:-1, max-video-preview:-1,MaximusSCPI — Investir en SCPI avec un Expert Certifié ORIAS,Comparez 63 SCPI en temps réel ✓ Rendements jusqu,,7490,false,false,false,false,true
https://maximusscpi.com/articles/premier-investissement-scpi-debutant-guide/,https://maximusscpi.com/articles/premier-investissement-scpi-debutant-guide/,200,0,,https://maximusscpi.com/,index, follow, max-image-preview:large, max-snippet:-1, max-video-preview:-1,MaximusSCPI — Investir en SCPI avec un Expert Certifié ORIAS,Comparez 63 SCPI en temps réel ✓ Rendements jusqu,,7490,false,false,false,false,true
https://maximusscpi.com/articles/investir-scpi-jeune-actif-25-35-ans/,https://maximusscpi.com/articles/investir-scpi-jeune-actif-25-35-ans/,200,0,,https://maximusscpi.com/,index, follow, max-image-preview:large, max-snippet:-1, max-video-preview:-1,MaximusSCPI — Investir en SCPI avec un Expert Certifié ORIAS,Comparez 63 SCPI en temps réel ✓ Rendements jusqu,,7490,false,false,false,false,true
https://maximusscpi.com/articles/investir-scpi-tmi-11-pourcent-fiscalite-optimale/,https://maximusscpi.com/articles/investir-scpi-tmi-11-pourcent-fiscalite-optimale/,200,0,,https://maximusscpi.com/,index, follow, max-image-preview:large, max-snippet:-1, max-video-preview:-1,MaximusSCPI — Investir en SCPI avec un Expert Certifié ORIAS,Comparez 63 SCPI en temps réel ✓ Rendements jusqu,,7490,false,false,false,false,true
https://maximusscpi.com/articles/scpi-tmi-30-pourcent-arbitrage-av-direct/,https://maximusscpi.com/articles/scpi-tmi-30-pourcent-arbitrage-av-direct/,200,0,,https://maximusscpi.com/,index, follow, max-image-preview:large, max-snippet:-1, max-video-preview:-1,MaximusSCPI — Investir en SCPI avec un Expert Certifié ORIAS,Comparez 63 SCPI en temps réel ✓ Rendements jusqu,,7490,false,false,false,false,true
https://maximusscpi.com/articles/forte-imposition-tmi-41-scpi-assurance-vie/,https://maximusscpi.com/articles/forte-imposition-tmi-41-scpi-assurance-vie/,200,0,,https://maximusscpi.com/,index, follow, max-image-preview:large, max-snippet:-1, max-video-preview:-1,MaximusSCPI — Investir en SCPI avec un Expert Certifié ORIAS,Comparez 63 SCPI en temps réel ✓ Rendements jusqu,,7490,false,false,false,false,true
https://maximusscpi.com/articles/scpi-fiscales-malraux-deficit-foncier-2025/,https://maximusscpi.com/articles/scpi-fiscales-malraux-deficit-foncier-2025/,200,0,,https://maximusscpi.com/,index, follow, max-image-preview:large, max-snippet:-1, max-video-preview:-1,MaximusSCPI — Investir en SCPI avec un Expert Certifié ORIAS,Comparez 63 SCPI en temps réel ✓ Rendements jusqu,,7490,false,false,false,false,true
https://maximusscpi.com/articles/ifi-scpi-impot-fortune-immobiliere-strategies/,https://maximusscpi.com/articles/ifi-scpi-impot-fortune-immobiliere-strategies/,200,0,,https://maximusscpi.com/,index, follow, max-image-preview:large, max-snippet:-1, max-video-preview:-1,MaximusSCPI — Investir en SCPI avec un Expert Certifié ORIAS,Comparez 63 SCPI en temps réel ✓ Rendements jusqu,,7490,false,false,false,false,true
https://maximusscpi.com/articles/succession-scpi-transmission-droits-heritage/,https://maximusscpi.com/articles/succession-scpi-transmission-droits-heritage/,200,0,,https://maximusscpi.com/,index, follow, max-image-preview:large, max-snippet:-1, max-video-preview:-1,MaximusSCPI — Investir en SCPI avec un Expert Certifié ORIAS,Comparez 63 SCPI en temps réel ✓ Rendements jusqu,,7490,false,false,false,false,true
https://maximusscpi.com/articles/scpi-europeennes-avantages-ps-0-rendement/,https://maximusscpi.com/articles/scpi-europeennes-avantages-ps-0-rendement/,200,0,,https://maximusscpi.com/,index, follow, max-image-preview:large, max-snippet:-1, max-video-preview:-1,MaximusSCPI — Investir en SCPI avec un Expert Certifié ORIAS,Comparez 63 SCPI en temps réel ✓ Rendements jusqu,,7490,false,false,false,false,true
https://maximusscpi.com/articles/scpi-sante-seniors-ehpad-cliniques-investissement/,https://maximusscpi.com/articles/scpi-sante-seniors-ehpad-cliniques-investissement/,200,0,,https://maximusscpi.com/,index, follow, max-image-preview:large, max-snippet:-1, max-video-preview:-1,MaximusSCPI — Investir en SCPI avec un Expert Certifié ORIAS,Comparez 63 SCPI en temps réel ✓ Rendements jusqu,,7490,false,false,false,false,true
https://maximusscpi.com/articles/scpi-bureaux-tertiaire-teletravail-2025/,https://maximusscpi.com/articles/scpi-bureaux-tertiaire-teletravail-2025/,200,0,,https://maximusscpi.com/,index, follow, max-image-preview:large, max-snippet:-1, max-video-preview:-1,MaximusSCPI — Investir en SCPI avec un Expert Certifié ORIAS,Comparez 63 SCPI en temps réel ✓ Rendements jusqu,,7490,false,false,false,false,true
https://maximusscpi.com/articles/scpi-commerces-retail-e-commerce-opportunites/,https://maximusscpi.com/articles/scpi-commerces-retail-e-commerce-opportunites/,200,0,,https://maximusscpi.com/,index, follow, max-image-preview:large, max-snippet:-1, max-video-preview:-1,MaximusSCPI — Investir en SCPI avec un Expert Certifié ORIAS,Comparez 63 SCPI en temps réel ✓ Rendements jusqu,,7490,false,false,false,false,true
https://maximusscpi.com/articles/scpi-logistique-entrepots-e-commerce-2025/,https://maximusscpi.com/articles/scpi-logistique-entrepots-e-commerce-2025/,200,0,,https://maximusscpi.com/,index, follow, max-image-preview:large, max-snippet:-1, max-video-preview:-1,MaximusSCPI — Investir en SCPI avec un Expert Certifié ORIAS,Comparez 63 SCPI en temps réel ✓ Rendements jusqu,,7490,false,false,false,false,true
https://maximusscpi.com/articles/scpi-residentielles-logement-locatif-scpi-habitation/,https://maximusscpi.com/articles/scpi-residentielles-logement-locatif-scpi-habitation/,200,0,,https://maximusscpi.com/,index, follow, max-image-preview:large, max-snippet:-1, max-video-preview:-1,MaximusSCPI — Investir en SCPI avec un Expert Certifié ORIAS,Comparez 63 SCPI en temps réel ✓ Rendements jusqu,,7490,false,false,false,false,true
https://maximusscpi.com/articles/risques-scpi-vacance-locative-liquidite/,https://maximusscpi.com/articles/risques-scpi-vacance-locative-liquidite/,200,0,,https://maximusscpi.com/,index, follow, max-image-preview:large, max-snippet:-1, max-video-preview:-1,MaximusSCPI — Investir en SCPI avec un Expert Certifié ORIAS,Comparez 63 SCPI en temps réel ✓ Rendements jusqu,,7490,false,false,false,false,true
https://maximusscpi.com/articles/frais-scpi-souscription-gestion-performance/,https://maximusscpi.com/articles/frais-scpi-souscription-gestion-performance/,200,0,,https://maximusscpi.com/,index, follow, max-image-preview:large, max-snippet:-1, max-video-preview:-1,MaximusSCPI — Investir en SCPI avec un Expert Certifié ORIAS,Comparez 63 SCPI en temps réel ✓ Rendements jusqu,,7490,false,false,false,false,true
https://maximusscpi.com/articles/revendre-parts-scpi-delais-marche-secondaire/,https://maximusscpi.com/articles/revendre-parts-scpi-delais-marche-secondaire/,200,0,,https://maximusscpi.com/,index, follow, max-image-preview:large, max-snippet:-1, max-video-preview:-1,MaximusSCPI — Investir en SCPI avec un Expert Certifié ORIAS,Comparez 63 SCPI en temps réel ✓ Rendements jusqu,,7490,false,false,false,false,true
https://maximusscpi.com/articles/rendement-scpi-2025-tdvm-taux-distribution/,https://maximusscpi.com/articles/rendement-scpi-2025-tdvm-taux-distribution/,200,0,,https://maximusscpi.com/,index, follow, max-image-preview:large, max-snippet:-1, max-video-preview:-1,MaximusSCPI — Investir en SCPI avec un Expert Certifié ORIAS,Comparez 63 SCPI en temps réel ✓ Rendements jusqu,,7490,false,false,false,false,true
https://maximusscpi.com/articles/scpi-ou-etf-immobilier-reit-comparatif/,https://maximusscpi.com/articles/scpi-ou-etf-immobilier-reit-comparatif/,200,0,,https://maximusscpi.com/,index, follow, max-image-preview:large, max-snippet:-1, max-video-preview:-1,MaximusSCPI — Investir en SCPI avec un Expert Certifié ORIAS,Comparez 63 SCPI en temps réel ✓ Rendements jusqu,,7490,false,false,false,false,true
https://maximusscpi.com/articles/scpi-ou-opci-differences-avantages/,https://maximusscpi.com/articles/scpi-ou-opci-differences-avantages/,200,0,,https://maximusscpi.com/,index, follow, max-image-preview:large, max-snippet:-1, max-video-preview:-1,MaximusSCPI — Investir en SCPI avec un Expert Certifié ORIAS,Comparez 63 SCPI en temps réel ✓ Rendements jusqu,,7490,false,false,false,false,true
https://maximusscpi.com/articles/tof-scpi/,https://maximusscpi.com/articles/tof-scpi/,200,0,,https://maximusscpi.com/,index, follow, max-image-preview:large, max-snippet:-1, max-video-preview:-1,MaximusSCPI — Investir en SCPI avec un Expert Certifié ORIAS,Comparez 63 SCPI en temps réel ✓ Rendements jusqu,,7490,false,false,false,false,true
https://maximusscpi.com/articles/capitalisation-scpi/,https://maximusscpi.com/articles/capitalisation-scpi/,200,0,,https://maximusscpi.com/,index, follow, max-image-preview:large, max-snippet:-1, max-video-preview:-1,MaximusSCPI — Investir en SCPI avec un Expert Certifié ORIAS,Comparez 63 SCPI en temps réel ✓ Rendements jusqu,,7490,false,false,false,false,true
https://maximusscpi.com/articles/decote-valeur-reconstitution-scpi/,https://maximusscpi.com/articles/decote-valeur-reconstitution-scpi/,200,0,,https://maximusscpi.com/,index, follow, max-image-preview:large, max-snippet:-1, max-video-preview:-1,MaximusSCPI — Investir en SCPI avec un Expert Certifié ORIAS,Comparez 63 SCPI en temps réel ✓ Rendements jusqu,,7490,false,false,false,false,true
https://maximusscpi.com/articles/endettement-scpi/,https://maximusscpi.com/articles/endettement-scpi/,200,0,,https://maximusscpi.com/,index, follow, max-image-preview:large, max-snippet:-1, max-video-preview:-1,MaximusSCPI — Investir en SCPI avec un Expert Certifié ORIAS,Comparez 63 SCPI en temps réel ✓ Rendements jusqu,,7490,false,false,false,false,true
https://maximusscpi.com/articles/rendement-net-scpi/,https://maximusscpi.com/articles/rendement-net-scpi/,200,0,,https://maximusscpi.com/,index, follow, max-image-preview:large, max-snippet:-1, max-video-preview:-1,MaximusSCPI — Investir en SCPI avec un Expert Certifié ORIAS,Comparez 63 SCPI en temps réel ✓ Rendements jusqu,,7490,false,false,false,false,true
https://maximusscpi.com/articles/scpi-europeennes/,https://maximusscpi.com/articles/scpi-europeennes/,200,0,,https://maximusscpi.com/,index, follow, max-image-preview:large, max-snippet:-1, max-video-preview:-1,MaximusSCPI — Investir en SCPI avec un Expert Certifié ORIAS,Comparez 63 SCPI en temps réel ✓ Rendements jusqu,,7490,false,false,false,false,true
https://maximusscpi.com/articles/scpi-demembrement/,https://maximusscpi.com/articles/scpi-demembrement/,200,0,,https://maximusscpi.com/,index, follow, max-image-preview:large, max-snippet:-1, max-video-preview:-1,MaximusSCPI — Investir en SCPI avec un Expert Certifié ORIAS,Comparez 63 SCPI en temps réel ✓ Rendements jusqu,,7490,false,false,false,false,true
https://maximusscpi.com/articles/scpi-assurance-vie/,https://maximusscpi.com/articles/scpi-assurance-vie/,200,0,,https://maximusscpi.com/,index, follow, max-image-preview:large, max-snippet:-1, max-video-preview:-1,MaximusSCPI — Investir en SCPI avec un Expert Certifié ORIAS,Comparez 63 SCPI en temps réel ✓ Rendements jusqu,,7490,false,false,false,false,true
https://maximusscpi.com/articles/scpi-tmi-11/,https://maximusscpi.com/articles/scpi-tmi-11/,200,0,,https://maximusscpi.com/,index, follow, max-image-preview:large, max-snippet:-1, max-video-preview:-1,MaximusSCPI — Investir en SCPI avec un Expert Certifié ORIAS,Comparez 63 SCPI en temps réel ✓ Rendements jusqu,,7490,false,false,false,false,true
https://maximusscpi.com/articles/scpi-tmi-30/,https://maximusscpi.com/articles/scpi-tmi-30/,200,0,,https://maximusscpi.com/,index, follow, max-image-preview:large, max-snippet:-1, max-video-preview:-1,MaximusSCPI — Investir en SCPI avec un Expert Certifié ORIAS,Comparez 63 SCPI en temps réel ✓ Rendements jusqu,,7490,false,false,false,false,true
https://maximusscpi.com/articles/frais-scpi/,https://maximusscpi.com/articles/frais-scpi/,200,0,,https://maximusscpi.com/,index, follow, max-image-preview:large, max-snippet:-1, max-video-preview:-1,MaximusSCPI — Investir en SCPI avec un Expert Certifié ORIAS,Comparez 63 SCPI en temps réel ✓ Rendements jusqu,,7490,false,false,false,false,true
https://maximusscpi.com/articles/risques-scpi/,https://maximusscpi.com/articles/risques-scpi/,200,0,,https://maximusscpi.com/,index, follow, max-image-preview:large, max-snippet:-1, max-video-preview:-1,MaximusSCPI — Investir en SCPI avec un Expert Certifié ORIAS,Comparez 63 SCPI en temps réel ✓ Rendements jusqu,,7490,false,false,false,false,true
https://maximusscpi.com/articles/liquidite-scpi/,https://maximusscpi.com/articles/liquidite-scpi/,200,0,,https://maximusscpi.com/,index, follow, max-image-preview:large, max-snippet:-1, max-video-preview:-1,MaximusSCPI — Investir en SCPI avec un Expert Certifié ORIAS,Comparez 63 SCPI en temps réel ✓ Rendements jusqu,,7490,false,false,false,false,true
https://maximusscpi.com/articles/baisse-prix-part-scpi/,https://maximusscpi.com/articles/baisse-prix-part-scpi/,200,0,,https://maximusscpi.com/,index, follow, max-image-preview:large, max-snippet:-1, max-video-preview:-1,MaximusSCPI — Investir en SCPI avec un Expert Certifié ORIAS,Comparez 63 SCPI en temps réel ✓ Rendements jusqu,,7490,false,false,false,false,true
https://maximusscpi.com/articles/delai-jouissance-scpi/,https://maximusscpi.com/articles/delai-jouissance-scpi/,200,0,,https://maximusscpi.com/,index, follow, max-image-preview:large, max-snippet:-1, max-video-preview:-1,MaximusSCPI — Investir en SCPI avec un Expert Certifié ORIAS,Comparez 63 SCPI en temps réel ✓ Rendements jusqu,,7490,false,false,false,false,true
https://maximusscpi.com/articles/report-a-nouveau-scpi/,https://maximusscpi.com/articles/report-a-nouveau-scpi/,200,0,,https://maximusscpi.com/,index, follow, max-image-preview:large, max-snippet:-1, max-video-preview:-1,MaximusSCPI — Investir en SCPI avec un Expert Certifié ORIAS,Comparez 63 SCPI en temps réel ✓ Rendements jusqu,,7490,false,false,false,false,true
https://maximusscpi.com/articles/choisir-scpi/,https://maximusscpi.com/articles/choisir-scpi/,200,0,,https://maximusscpi.com/,index, follow, max-image-preview:large, max-snippet:-1, max-video-preview:-1,MaximusSCPI — Investir en SCPI avec un Expert Certifié ORIAS,Comparez 63 SCPI en temps réel ✓ Rendements jusqu,,7490,false,false,false,false,true
https://maximusscpi.com/articles/meilleures-scpi-attention/,https://maximusscpi.com/articles/meilleures-scpi-attention/,200,0,,https://maximusscpi.com/,index, follow, max-image-preview:large, max-snippet:-1, max-video-preview:-1,MaximusSCPI — Investir en SCPI avec un Expert Certifié ORIAS,Comparez 63 SCPI en temps réel ✓ Rendements jusqu,,7490,false,false,false,false,true
https://maximusscpi.com/articles/comparateur-scpi-fiable/,https://maximusscpi.com/articles/comparateur-scpi-fiable/,200,0,,https://maximusscpi.com/,index, follow, max-image-preview:large, max-snippet:-1, max-video-preview:-1,MaximusSCPI — Investir en SCPI avec un Expert Certifié ORIAS,Comparez 63 SCPI en temps réel ✓ Rendements jusqu,,7490,false,false,false,false,true
https://maximusscpi.com/articles/allocation-scpi/,https://maximusscpi.com/articles/allocation-scpi/,200,0,,https://maximusscpi.com/,index, follow, max-image-preview:large, max-snippet:-1, max-video-preview:-1,MaximusSCPI — Investir en SCPI avec un Expert Certifié ORIAS,Comparez 63 SCPI en temps réel ✓ Rendements jusqu,,7490,false,false,false,false,true
https://maximusscpi.com/articles/combien-investir-scpi/,https://maximusscpi.com/articles/combien-investir-scpi/,200,0,,https://maximusscpi.com/,index, follow, max-image-preview:large, max-snippet:-1, max-video-preview:-1,MaximusSCPI — Investir en SCPI avec un Expert Certifié ORIAS,Comparez 63 SCPI en temps réel ✓ Rendements jusqu,,7490,false,false,false,false,true
https://maximusscpi.com/articles/scpi-sante/,https://maximusscpi.com/articles/scpi-sante/,200,0,,https://maximusscpi.com/,index, follow, max-image-preview:large, max-snippet:-1, max-video-preview:-1,MaximusSCPI — Investir en SCPI avec un Expert Certifié ORIAS,Comparez 63 SCPI en temps réel ✓ Rendements jusqu,,7490,false,false,false,false,true
https://maximusscpi.com/articles/scpi-logistique/,https://maximusscpi.com/articles/scpi-logistique/,200,0,,https://maximusscpi.com/,index, follow, max-image-preview:large, max-snippet:-1, max-video-preview:-1,MaximusSCPI — Investir en SCPI avec un Expert Certifié ORIAS,Comparez 63 SCPI en temps réel ✓ Rendements jusqu,,7490,false,false,false,false,true
https://maximusscpi.com/articles/scpi-bureaux/,https://maximusscpi.com/articles/scpi-bureaux/,200,0,,https://maximusscpi.com/,index, follow, max-image-preview:large, max-snippet:-1, max-video-preview:-1,MaximusSCPI — Investir en SCPI avec un Expert Certifié ORIAS,Comparez 63 SCPI en temps réel ✓ Rendements jusqu,,7490,false,false,false,false,true
https://maximusscpi.com/articles/scpi-commerce/,https://maximusscpi.com/articles/scpi-commerce/,200,0,,https://maximusscpi.com/,index, follow, max-image-preview:large, max-snippet:-1, max-video-preview:-1,MaximusSCPI — Investir en SCPI avec un Expert Certifié ORIAS,Comparez 63 SCPI en temps réel ✓ Rendements jusqu,,7490,false,false,false,false,true
https://maximusscpi.com/articles/scpi-diversifiees/,https://maximusscpi.com/articles/scpi-diversifiees/,200,0,,https://maximusscpi.com/,index, follow, max-image-preview:large, max-snippet:-1, max-video-preview:-1,MaximusSCPI — Investir en SCPI avec un Expert Certifié ORIAS,Comparez 63 SCPI en temps réel ✓ Rendements jusqu,,7490,false,false,false,false,true
https://maximusscpi.com/articles/societe-gestion-scpi/,https://maximusscpi.com/articles/societe-gestion-scpi/,200,0,,https://maximusscpi.com/,index, follow, max-image-preview:large, max-snippet:-1, max-video-preview:-1,MaximusSCPI — Investir en SCPI avec un Expert Certifié ORIAS,Comparez 63 SCPI en temps réel ✓ Rendements jusqu,,7490,false,false,false,false,true
https://maximusscpi.com/articles/gestionnaire-scpi/,https://maximusscpi.com/articles/gestionnaire-scpi/,200,0,,https://maximusscpi.com/,index, follow, max-image-preview:large, max-snippet:-1, max-video-preview:-1,MaximusSCPI — Investir en SCPI avec un Expert Certifié ORIAS,Comparez 63 SCPI en temps réel ✓ Rendements jusqu,,7490,false,false,false,false,true
https://maximusscpi.com/articles/cgp-cif-scpi/,https://maximusscpi.com/articles/cgp-cif-scpi/,200,0,,https://maximusscpi.com/,index, follow, max-image-preview:large, max-snippet:-1, max-video-preview:-1,MaximusSCPI — Investir en SCPI avec un Expert Certifié ORIAS,Comparez 63 SCPI en temps réel ✓ Rendements jusqu,,7490,false,false,false,false,true
https://maximusscpi.com/articles/psi-scpi/,https://maximusscpi.com/articles/psi-scpi/,200,0,,https://maximusscpi.com/,index, follow, max-image-preview:large, max-snippet:-1, max-video-preview:-1,MaximusSCPI — Investir en SCPI avec un Expert Certifié ORIAS,Comparez 63 SCPI en temps réel ✓ Rendements jusqu,,7490,false,false,false,false,true
https://maximusscpi.com/articles/retrocommissions-scpi/,https://maximusscpi.com/articles/retrocommissions-scpi/,200,0,,https://maximusscpi.com/,index, follow, max-image-preview:large, max-snippet:-1, max-video-preview:-1,MaximusSCPI — Investir en SCPI avec un Expert Certifié ORIAS,Comparez 63 SCPI en temps réel ✓ Rendements jusqu,,7490,false,false,false,false,true
https://maximusscpi.com/articles/scpi-fiscalite/,https://maximusscpi.com/articles/scpi-fiscalite/,200,0,,https://maximusscpi.com/,index, follow, max-image-preview:large, max-snippet:-1, max-video-preview:-1,MaximusSCPI — Investir en SCPI avec un Expert Certifié ORIAS,Comparez 63 SCPI en temps réel ✓ Rendements jusqu,,7490,false,false,false,false,true
https://maximusscpi.com/articles/scpi-tmi-41/,https://maximusscpi.com/articles/scpi-tmi-41/,200,0,,https://maximusscpi.com/,index, follow, max-image-preview:large, max-snippet:-1, max-video-preview:-1,MaximusSCPI — Investir en SCPI avec un Expert Certifié ORIAS,Comparez 63 SCPI en temps réel ✓ Rendements jusqu,,7490,false,false,false,false,true
https://maximusscpi.com/articles/scpi-tmi-45/,https://maximusscpi.com/articles/scpi-tmi-45/,200,0,,https://maximusscpi.com/,index, follow, max-image-preview:large, max-snippet:-1, max-video-preview:-1,MaximusSCPI — Investir en SCPI avec un Expert Certifié ORIAS,Comparez 63 SCPI en temps réel ✓ Rendements jusqu,,7490,false,false,false,false,true
https://maximusscpi.com/articles/scpi-revenus-etrangers/,https://maximusscpi.com/articles/scpi-revenus-etrangers/,200,0,,https://maximusscpi.com/,index, follow, max-image-preview:large, max-snippet:-1, max-video-preview:-1,MaximusSCPI — Investir en SCPI avec un Expert Certifié ORIAS,Comparez 63 SCPI en temps réel ✓ Rendements jusqu,,7490,false,false,false,false,true
https://maximusscpi.com/articles/scpi-revenus-fonciers/,https://maximusscpi.com/articles/scpi-revenus-fonciers/,200,0,,https://maximusscpi.com/,index, follow, max-image-preview:large, max-snippet:-1, max-video-preview:-1,MaximusSCPI — Investir en SCPI avec un Expert Certifié ORIAS,Comparez 63 SCPI en temps réel ✓ Rendements jusqu,,7490,false,false,false,false,true
https://maximusscpi.com/articles/scpi-prelevements-sociaux/,https://maximusscpi.com/articles/scpi-prelevements-sociaux/,200,0,,https://maximusscpi.com/,index, follow, max-image-preview:large, max-snippet:-1, max-video-preview:-1,MaximusSCPI — Investir en SCPI avec un Expert Certifié ORIAS,Comparez 63 SCPI en temps réel ✓ Rendements jusqu,,7490,false,false,false,false,true
https://maximusscpi.com/articles/scpi-credit-impot/,https://maximusscpi.com/articles/scpi-credit-impot/,200,0,,https://maximusscpi.com/,index, follow, max-image-preview:large, max-snippet:-1, max-video-preview:-1,MaximusSCPI — Investir en SCPI avec un Expert Certifié ORIAS,Comparez 63 SCPI en temps réel ✓ Rendements jusqu,,7490,false,false,false,false,true
https://maximusscpi.com/articles/scpi-taux-effectif/,https://maximusscpi.com/articles/scpi-taux-effectif/,200,0,,https://maximusscpi.com/,index, follow, max-image-preview:large, max-snippet:-1, max-video-preview:-1,MaximusSCPI — Investir en SCPI avec un Expert Certifié ORIAS,Comparez 63 SCPI en temps réel ✓ Rendements jusqu,,7490,false,false,false,false,true
https://maximusscpi.com/articles/scpi-ifi/,https://maximusscpi.com/articles/scpi-ifi/,200,0,,https://maximusscpi.com/,index, follow, max-image-preview:large, max-snippet:-1, max-video-preview:-1,MaximusSCPI — Investir en SCPI avec un Expert Certifié ORIAS,Comparez 63 SCPI en temps réel ✓ Rendements jusqu,,7490,false,false,false,false,true
https://maximusscpi.com/articles/scpi-sci-is-fiscalite/,https://maximusscpi.com/articles/scpi-sci-is-fiscalite/,200,0,,https://maximusscpi.com/,index, follow, max-image-preview:large, max-snippet:-1, max-video-preview:-1,MaximusSCPI — Investir en SCPI avec un Expert Certifié ORIAS,Comparez 63 SCPI en temps réel ✓ Rendements jusqu,,7490,false,false,false,false,true
https://maximusscpi.com/articles/amf-scpi/,https://maximusscpi.com/articles/amf-scpi/,200,0,,https://maximusscpi.com/,index, follow, max-image-preview:large, max-snippet:-1, max-video-preview:-1,MaximusSCPI — Investir en SCPI avec un Expert Certifié ORIAS,Comparez 63 SCPI en temps réel ✓ Rendements jusqu,,7490,false,false,false,false,true
https://maximusscpi.com/articles/orias-scpi/,https://maximusscpi.com/articles/orias-scpi/,200,0,,https://maximusscpi.com/,index, follow, max-image-preview:large, max-snippet:-1, max-video-preview:-1,MaximusSCPI — Investir en SCPI avec un Expert Certifié ORIAS,Comparez 63 SCPI en temps réel ✓ Rendements jusqu,,7490,false,false,false,false,true
https://maximusscpi.com/articles/documents-reglementaires-scpi/,https://maximusscpi.com/articles/documents-reglementaires-scpi/,200,0,,https://maximusscpi.com/,index, follow, max-image-preview:large, max-snippet:-1, max-video-preview:-1,MaximusSCPI — Investir en SCPI avec un Expert Certifié ORIAS,Comparez 63 SCPI en temps réel ✓ Rendements jusqu,,7490,false,false,false,false,true
https://maximusscpi.com/articles/dic-scpi/,https://maximusscpi.com/articles/dic-scpi/,200,0,,https://maximusscpi.com/,index, follow, max-image-preview:large, max-snippet:-1, max-video-preview:-1,MaximusSCPI — Investir en SCPI avec un Expert Certifié ORIAS,Comparez 63 SCPI en temps réel ✓ Rendements jusqu,,7490,false,false,false,false,true
https://maximusscpi.com/articles/note-information-scpi/,https://maximusscpi.com/articles/note-information-scpi/,200,0,,https://maximusscpi.com/,index, follow, max-image-preview:large, max-snippet:-1, max-video-preview:-1,MaximusSCPI — Investir en SCPI avec un Expert Certifié ORIAS,Comparez 63 SCPI en temps réel ✓ Rendements jusqu,,7490,false,false,false,false,true
https://maximusscpi.com/articles/scpi-credit/,https://maximusscpi.com/articles/scpi-credit/,200,0,,https://maximusscpi.com/,index, follow, max-image-preview:large, max-snippet:-1, max-video-preview:-1,MaximusSCPI — Investir en SCPI avec un Expert Certifié ORIAS,Comparez 63 SCPI en temps réel ✓ Rendements jusqu,,7490,false,false,false,false,true
https://maximusscpi.com/articles/scpi-comptant/,https://maximusscpi.com/articles/scpi-comptant/,200,0,,https://maximusscpi.com/,index, follow, max-image-preview:large, max-snippet:-1, max-video-preview:-1,MaximusSCPI — Investir en SCPI avec un Expert Certifié ORIAS,Comparez 63 SCPI en temps réel ✓ Rendements jusqu,,7490,false,false,false,false,true
https://maximusscpi.com/articles/scpi-retraite/,https://maximusscpi.com/articles/scpi-retraite/,200,0,,https://maximusscpi.com/,index, follow, max-image-preview:large, max-snippet:-1, max-video-preview:-1,MaximusSCPI — Investir en SCPI avec un Expert Certifié ORIAS,Comparez 63 SCPI en temps réel ✓ Rendements jusqu,,7490,false,false,false,false,true
https://maximusscpi.com/articles/scpi-revenus-complementaires/,https://maximusscpi.com/articles/scpi-revenus-complementaires/,200,0,,https://maximusscpi.com/,index, follow, max-image-preview:large, max-snippet:-1, max-video-preview:-1,MaximusSCPI — Investir en SCPI avec un Expert Certifié ORIAS,Comparez 63 SCPI en temps réel ✓ Rendements jusqu,,7490,false,false,false,false,true
https://maximusscpi.com/articles/scpi-transmission/,https://maximusscpi.com/articles/scpi-transmission/,200,0,,https://maximusscpi.com/,index, follow, max-image-preview:large, max-snippet:-1, max-video-preview:-1,MaximusSCPI — Investir en SCPI avec un Expert Certifié ORIAS,Comparez 63 SCPI en temps réel ✓ Rendements jusqu,,7490,false,false,false,false,true
https://maximusscpi.com/articles/scpi-france/,https://maximusscpi.com/articles/scpi-france/,200,0,,https://maximusscpi.com/,index, follow, max-image-preview:large, max-snippet:-1, max-video-preview:-1,MaximusSCPI — Investir en SCPI avec un Expert Certifié ORIAS,Comparez 63 SCPI en temps réel ✓ Rendements jusqu,,7490,false,false,false,false,true
https://maximusscpi.com/articles/arkea-reim/,https://maximusscpi.com/articles/arkea-reim/,200,0,,https://maximusscpi.com/,index, follow, max-image-preview:large, max-snippet:-1, max-video-preview:-1,MaximusSCPI — Investir en SCPI avec un Expert Certifié ORIAS,Comparez 63 SCPI en temps réel ✓ Rendements jusqu,,7490,false,false,false,false,true
https://maximusscpi.com/articles/iroko/,https://maximusscpi.com/articles/iroko/,200,0,,https://maximusscpi.com/,index, follow, max-image-preview:large, max-snippet:-1, max-video-preview:-1,MaximusSCPI — Investir en SCPI avec un Expert Certifié ORIAS,Comparez 63 SCPI en temps réel ✓ Rendements jusqu,,7490,false,false,false,false,true
https://maximusscpi.com/articles/corum-am/,https://maximusscpi.com/articles/corum-am/,200,0,,https://maximusscpi.com/,index, follow, max-image-preview:large, max-snippet:-1, max-video-preview:-1,MaximusSCPI — Investir en SCPI avec un Expert Certifié ORIAS,Comparez 63 SCPI en temps réel ✓ Rendements jusqu,,7490,false,false,false,false,true
https://maximusscpi.com/articles/alderan/,https://maximusscpi.com/articles/alderan/,200,0,,https://maximusscpi.com/,index, follow, max-image-preview:large, max-snippet:-1, max-video-preview:-1,MaximusSCPI — Investir en SCPI avec un Expert Certifié ORIAS,Comparez 63 SCPI en temps réel ✓ Rendements jusqu,,7490,false,false,false,false,true
https://maximusscpi.com/articles/atland-voisin/,https://maximusscpi.com/articles/atland-voisin/,200,0,,https://maximusscpi.com/,index, follow, max-image-preview:large, max-snippet:-1, max-video-preview:-1,MaximusSCPI — Investir en SCPI avec un Expert Certifié ORIAS,Comparez 63 SCPI en temps réel ✓ Rendements jusqu,,7490,false,false,false,false,true
https://maximusscpi.com/articles/sofidy/,https://maximusscpi.com/articles/sofidy/,200,0,,https://maximusscpi.com/,index, follow, max-image-preview:large, max-snippet:-1, max-video-preview:-1,MaximusSCPI — Investir en SCPI avec un Expert Certifié ORIAS,Comparez 63 SCPI en temps réel ✓ Rendements jusqu,,7490,false,false,false,false,true
https://maximusscpi.com/articles/remake-am/,https://maximusscpi.com/articles/remake-am/,200,0,,https://maximusscpi.com/,index, follow, max-image-preview:large, max-snippet:-1, max-video-preview:-1,MaximusSCPI — Investir en SCPI avec un Expert Certifié ORIAS,Comparez 63 SCPI en temps réel ✓ Rendements jusqu,,7490,false,false,false,false,true
https://maximusscpi.com/articles/wemo-reim/,https://maximusscpi.com/articles/wemo-reim/,200,0,,https://maximusscpi.com/,index, follow, max-image-preview:large, max-snippet:-1, max-video-preview:-1,MaximusSCPI — Investir en SCPI avec un Expert Certifié ORIAS,Comparez 63 SCPI en temps réel ✓ Rendements jusqu,,7490,false,false,false,false,true
https://maximusscpi.com/articles/sogenial-immobilier/,https://maximusscpi.com/articles/sogenial-immobilier/,200,0,,https://maximusscpi.com/,index, follow, max-image-preview:large, max-snippet:-1, max-video-preview:-1,MaximusSCPI — Investir en SCPI avec un Expert Certifié ORIAS,Comparez 63 SCPI en temps réel ✓ Rendements jusqu,,7490,false,false,false,false,true
https://maximusscpi.com/articles/norma-capital/,https://maximusscpi.com/articles/norma-capital/,200,0,,https://maximusscpi.com/,index, follow, max-image-preview:large, max-snippet:-1, max-video-preview:-1,MaximusSCPI — Investir en SCPI avec un Expert Certifié ORIAS,Comparez 63 SCPI en temps réel ✓ Rendements jusqu,,7490,false,false,false,false,true
https://maximusscpi.com/articles/societes-de-gestion-scpi/,https://maximusscpi.com/articles/societes-de-gestion-scpi/,200,0,,https://maximusscpi.com/,index, follow, max-image-preview:large, max-snippet:-1, max-video-preview:-1,MaximusSCPI — Investir en SCPI avec un Expert Certifié ORIAS,Comparez 63 SCPI en temps réel ✓ Rendements jusqu,,7490,false,false,false,false,true
https://maximusscpi.com/articles/bnp-paribas-reim-france/,https://maximusscpi.com/articles/bnp-paribas-reim-france/,200,0,,https://maximusscpi.com/,index, follow, max-image-preview:large, max-snippet:-1, max-video-preview:-1,MaximusSCPI — Investir en SCPI avec un Expert Certifié ORIAS,Comparez 63 SCPI en temps réel ✓ Rendements jusqu,,7490,false,false,false,false,true
https://maximusscpi.com/articles/amundi-immobilier/,https://maximusscpi.com/articles/amundi-immobilier/,200,0,,https://maximusscpi.com/,index, follow, max-image-preview:large, max-snippet:-1, max-video-preview:-1,MaximusSCPI — Investir en SCPI avec un Expert Certifié ORIAS,Comparez 63 SCPI en temps réel ✓ Rendements jusqu,,7490,false,false,false,false,true
https://maximusscpi.com/articles/la-francaise-rem/,https://maximusscpi.com/articles/la-francaise-rem/,200,0,,https://maximusscpi.com/,index, follow, max-image-preview:large, max-snippet:-1, max-video-preview:-1,MaximusSCPI — Investir en SCPI avec un Expert Certifié ORIAS,Comparez 63 SCPI en temps réel ✓ Rendements jusqu,,7490,false,false,false,false,true
https://maximusscpi.com/articles/praemia-reim/,https://maximusscpi.com/articles/praemia-reim/,200,0,,https://maximusscpi.com/,index, follow, max-image-preview:large, max-snippet:-1, max-video-preview:-1,MaximusSCPI — Investir en SCPI avec un Expert Certifié ORIAS,Comparez 63 SCPI en temps réel ✓ Rendements jusqu,,7490,false,false,false,false,true
https://maximusscpi.com/articles/aew/,https://maximusscpi.com/articles/aew/,200,0,,https://maximusscpi.com/,index, follow, max-image-preview:large, max-snippet:-1, max-video-preview:-1,MaximusSCPI — Investir en SCPI avec un Expert Certifié ORIAS,Comparez 63 SCPI en temps réel ✓ Rendements jusqu,,7490,false,false,false,false,true
https://maximusscpi.com/articles/perial-asset-management/,https://maximusscpi.com/articles/perial-asset-management/,200,0,,https://maximusscpi.com/,index, follow, max-image-preview:large, max-snippet:-1, max-video-preview:-1,MaximusSCPI — Investir en SCPI avec un Expert Certifié ORIAS,Comparez 63 SCPI en temps réel ✓ Rendements jusqu,,7490,false,false,false,false,true
https://maximusscpi.com/articles/swiss-life-asset-managers-france/,https://maximusscpi.com/articles/swiss-life-asset-managers-france/,200,0,,https://maximusscpi.com/,index, follow, max-image-preview:large, max-snippet:-1, max-video-preview:-1,MaximusSCPI — Investir en SCPI avec un Expert Certifié ORIAS,Comparez 63 SCPI en temps réel ✓ Rendements jusqu,,7490,false,false,false,false,true
https://maximusscpi.com/articles/euryale-am/,https://maximusscpi.com/articles/euryale-am/,200,0,,https://maximusscpi.com/,index, follow, max-image-preview:large, max-snippet:-1, max-video-preview:-1,MaximusSCPI — Investir en SCPI avec un Expert Certifié ORIAS,Comparez 63 SCPI en temps réel ✓ Rendements jusqu,,7490,false,false,false,false,true
https://maximusscpi.com/articles/advenis-reim/,https://maximusscpi.com/articles/advenis-reim/,200,0,,https://maximusscpi.com/,index, follow, max-image-preview:large, max-snippet:-1, max-video-preview:-1,MaximusSCPI — Investir en SCPI avec un Expert Certifié ORIAS,Comparez 63 SCPI en temps réel ✓ Rendements jusqu,,7490,false,false,false,false,true
https://maximusscpi.com/articles/altixia-reim/,https://maximusscpi.com/articles/altixia-reim/,200,0,,https://maximusscpi.com/,index, follow, max-image-preview:large, max-snippet:-1, max-video-preview:-1,MaximusSCPI — Investir en SCPI avec un Expert Certifié ORIAS,Comparez 63 SCPI en temps réel ✓ Rendements jusqu,,7490,false,false,false,false,true
https://maximusscpi.com/articles/aestiam/,https://maximusscpi.com/articles/aestiam/,200,0,,https://maximusscpi.com/,index, follow, max-image-preview:large, max-snippet:-1, max-video-preview:-1,MaximusSCPI — Investir en SCPI avec un Expert Certifié ORIAS,Comparez 63 SCPI en temps réel ✓ Rendements jusqu,,7490,false,false,false,false,true
https://maximusscpi.com/articles/allianz-immovalor/,https://maximusscpi.com/articles/allianz-immovalor/,200,0,,https://maximusscpi.com/,index, follow, max-image-preview:large, max-snippet:-1, max-video-preview:-1,MaximusSCPI — Investir en SCPI avec un Expert Certifié ORIAS,Comparez 63 SCPI en temps réel ✓ Rendements jusqu,,7490,false,false,false,false,true
https://maximusscpi.com/articles/atream/,https://maximusscpi.com/articles/atream/,200,0,,https://maximusscpi.com/,index, follow, max-image-preview:large, max-snippet:-1, max-video-preview:-1,MaximusSCPI — Investir en SCPI avec un Expert Certifié ORIAS,Comparez 63 SCPI en temps réel ✓ Rendements jusqu,,7490,false,false,false,false,true
https://maximusscpi.com/articles/axipit-real-estate-partners/,https://maximusscpi.com/articles/axipit-real-estate-partners/,200,0,,https://maximusscpi.com/,index, follow, max-image-preview:large, max-snippet:-1, max-video-preview:-1,MaximusSCPI — Investir en SCPI avec un Expert Certifié ORIAS,Comparez 63 SCPI en temps réel ✓ Rendements jusqu,,7490,false,false,false,false,true
https://maximusscpi.com/articles/consultim-am/,https://maximusscpi.com/articles/consultim-am/,200,0,,https://maximusscpi.com/,index, follow, max-image-preview:large, max-snippet:-1, max-video-preview:-1,MaximusSCPI — Investir en SCPI avec un Expert Certifié ORIAS,Comparez 63 SCPI en temps réel ✓ Rendements jusqu,,7490,false,false,false,false,true
https://maximusscpi.com/articles/darwin-invest/,https://maximusscpi.com/articles/darwin-invest/,200,0,,https://maximusscpi.com/,index, follow, max-image-preview:large, max-snippet:-1, max-video-preview:-1,MaximusSCPI — Investir en SCPI avec un Expert Certifié ORIAS,Comparez 63 SCPI en temps réel ✓ Rendements jusqu,,7490,false,false,false,false,true
https://maximusscpi.com/articles/fiducial-gerance/,https://maximusscpi.com/articles/fiducial-gerance/,200,0,,https://maximusscpi.com/,index, follow, max-image-preview:large, max-snippet:-1, max-video-preview:-1,MaximusSCPI — Investir en SCPI avec un Expert Certifié ORIAS,Comparez 63 SCPI en temps réel ✓ Rendements jusqu,,7490,false,false,false,false,true
https://maximusscpi.com/articles/foncieres-et-territoires/,https://maximusscpi.com/articles/foncieres-et-territoires/,200,0,,https://maximusscpi.com/,index, follow, max-image-preview:large, max-snippet:-1, max-video-preview:-1,MaximusSCPI — Investir en SCPI avec un Expert Certifié ORIAS,Comparez 63 SCPI en temps réel ✓ Rendements jusqu,,7490,false,false,false,false,true
https://maximusscpi.com/articles/groupama-gan-reim/,https://maximusscpi.com/articles/groupama-gan-reim/,200,0,,https://maximusscpi.com/,index, follow, max-image-preview:large, max-snippet:-1, max-video-preview:-1,MaximusSCPI — Investir en SCPI avec un Expert Certifié ORIAS,Comparez 63 SCPI en temps réel ✓ Rendements jusqu,,7490,false,false,false,false,true
https://maximusscpi.com/articles/inter-gestion-reim/,https://maximusscpi.com/articles/inter-gestion-reim/,200,0,,https://maximusscpi.com/,index, follow, max-image-preview:large, max-snippet:-1, max-video-preview:-1,MaximusSCPI — Investir en SCPI avec un Expert Certifié ORIAS,Comparez 63 SCPI en temps réel ✓ Rendements jusqu,,7490,false,false,false,false,true
https://maximusscpi.com/articles/kyaneos-am/,https://maximusscpi.com/articles/kyaneos-am/,200,0,,https://maximusscpi.com/,index, follow, max-image-preview:large, max-snippet:-1, max-video-preview:-1,MaximusSCPI — Investir en SCPI avec un Expert Certifié ORIAS,Comparez 63 SCPI en temps réel ✓ Rendements jusqu,,7490,false,false,false,false,true
https://maximusscpi.com/articles/magellim-reim/,https://maximusscpi.com/articles/magellim-reim/,200,0,,https://maximusscpi.com/,index, follow, max-image-preview:large, max-snippet:-1, max-video-preview:-1,MaximusSCPI — Investir en SCPI avec un Expert Certifié ORIAS,Comparez 63 SCPI en temps réel ✓ Rendements jusqu,,7490,false,false,false,false,true
https://maximusscpi.com/articles/mata-capital-im/,https://maximusscpi.com/articles/mata-capital-im/,200,0,,https://maximusscpi.com/,index, follow, max-image-preview:large, max-snippet:-1, max-video-preview:-1,MaximusSCPI — Investir en SCPI avec un Expert Certifié ORIAS,Comparez 63 SCPI en temps réel ✓ Rendements jusqu,,7490,false,false,false,false,true
https://maximusscpi.com/articles/mnk-partners/,https://maximusscpi.com/articles/mnk-partners/,200,0,,https://maximusscpi.com/,index, follow, max-image-preview:large, max-snippet:-1, max-video-preview:-1,MaximusSCPI — Investir en SCPI avec un Expert Certifié ORIAS,Comparez 63 SCPI en temps réel ✓ Rendements jusqu,,7490,false,false,false,false,true
https://maximusscpi.com/articles/mysharecompany/,https://maximusscpi.com/articles/mysharecompany/,200,0,,https://maximusscpi.com/,index, follow, max-image-preview:large, max-snippet:-1, max-video-preview:-1,MaximusSCPI — Investir en SCPI avec un Expert Certifié ORIAS,Comparez 63 SCPI en temps réel ✓ Rendements jusqu,,7490,false,false,false,false,true
https://maximusscpi.com/articles/novaxia-investissement/,https://maximusscpi.com/articles/novaxia-investissement/,200,0,,https://maximusscpi.com/,index, follow, max-image-preview:large, max-snippet:-1, max-video-preview:-1,MaximusSCPI — Investir en SCPI avec un Expert Certifié ORIAS,Comparez 63 SCPI en temps réel ✓ Rendements jusqu,,7490,false,false,false,false,true
https://maximusscpi.com/articles/paref-gestion/,https://maximusscpi.com/articles/paref-gestion/,200,0,,https://maximusscpi.com/,index, follow, max-image-preview:large, max-snippet:-1, max-video-preview:-1,MaximusSCPI — Investir en SCPI avec un Expert Certifié ORIAS,Comparez 63 SCPI en temps réel ✓ Rendements jusqu,,7490,false,false,false,false,true
https://maximusscpi.com/articles/telamon/,https://maximusscpi.com/articles/telamon/,200,0,,https://maximusscpi.com/,index, follow, max-image-preview:large, max-snippet:-1, max-video-preview:-1,MaximusSCPI — Investir en SCPI avec un Expert Certifié ORIAS,Comparez 63 SCPI en temps réel ✓ Rendements jusqu,,7490,false,false,false,false,true
https://maximusscpi.com/articles/urban-premium/,https://maximusscpi.com/articles/urban-premium/,200,0,,https://maximusscpi.com/,index, follow, max-image-preview:large, max-snippet:-1, max-video-preview:-1,MaximusSCPI — Investir en SCPI avec un Expert Certifié ORIAS,Comparez 63 SCPI en temps réel ✓ Rendements jusqu,,7490,false,false,false,false,true
https://maximusscpi.com/articles/unofi-gestion-dactifs/,https://maximusscpi.com/articles/unofi-gestion-dactifs/,200,0,,https://maximusscpi.com/,index, follow, max-image-preview:large, max-snippet:-1, max-video-preview:-1,MaximusSCPI — Investir en SCPI avec un Expert Certifié ORIAS,Comparez 63 SCPI en temps réel ✓ Rendements jusqu,,7490,false,false,false,false,true
https://maximusscpi.com/articles/aroxys/,https://maximusscpi.com/articles/aroxys/,200,0,,https://maximusscpi.com/,index, follow, max-image-preview:large, max-snippet:-1, max-video-preview:-1,MaximusSCPI — Investir en SCPI avec un Expert Certifié ORIAS,Comparez 63 SCPI en temps réel ✓ Rendements jusqu,,7490,false,false,false,false,true
https://maximusscpi.com/articles/bagan-asset-management/,https://maximusscpi.com/articles/bagan-asset-management/,200,0,,https://maximusscpi.com/,index, follow, max-image-preview:large, max-snippet:-1, max-video-preview:-1,MaximusSCPI — Investir en SCPI avec un Expert Certifié ORIAS,Comparez 63 SCPI en temps réel ✓ Rendements jusqu,,7490,false,false,false,false,true
https://maximusscpi.com/articles/balzac-reim/,https://maximusscpi.com/articles/balzac-reim/,200,0,,https://maximusscpi.com/,index, follow, max-image-preview:large, max-snippet:-1, max-video-preview:-1,MaximusSCPI — Investir en SCPI avec un Expert Certifié ORIAS,Comparez 63 SCPI en temps réel ✓ Rendements jusqu,,7490,false,false,false,false,true
https://maximusscpi.com/articles/clubfunding-am/,https://maximusscpi.com/articles/clubfunding-am/,200,0,,https://maximusscpi.com/,index, follow, max-image-preview:large, max-snippet:-1, max-video-preview:-1,MaximusSCPI — Investir en SCPI avec un Expert Certifié ORIAS,Comparez 63 SCPI en temps réel ✓ Rendements jusqu,,7490,false,false,false,false,true
https://maximusscpi.com/articles/elevation-capital-partners/,https://maximusscpi.com/articles/elevation-capital-partners/,200,0,,https://maximusscpi.com/,index, follow, max-image-preview:large, max-snippet:-1, max-video-preview:-1,MaximusSCPI — Investir en SCPI avec un Expert Certifié ORIAS,Comparez 63 SCPI en temps réel ✓ Rendements jusqu,,7490,false,false,false,false,true
https://maximusscpi.com/articles/greenman-arth/,https://maximusscpi.com/articles/greenman-arth/,200,0,,https://maximusscpi.com/,index, follow, max-image-preview:large, max-snippet:-1, max-video-preview:-1,MaximusSCPI — Investir en SCPI avec un Expert Certifié ORIAS,Comparez 63 SCPI en temps réel ✓ Rendements jusqu,,7490,false,false,false,false,true
https://maximusscpi.com/articles/hsbc-reim-france/,https://maximusscpi.com/articles/hsbc-reim-france/,200,0,,https://maximusscpi.com/,index, follow, max-image-preview:large, max-snippet:-1, max-video-preview:-1,MaximusSCPI — Investir en SCPI avec un Expert Certifié ORIAS,Comparez 63 SCPI en temps réel ✓ Rendements jusqu,,7490,false,false,false,false,true
https://maximusscpi.com/articles/midi-2i/,https://maximusscpi.com/articles/midi-2i/,200,0,,https://maximusscpi.com/,index, follow, max-image-preview:large, max-snippet:-1, max-video-preview:-1,MaximusSCPI — Investir en SCPI avec un Expert Certifié ORIAS,Comparez 63 SCPI en temps réel ✓ Rendements jusqu,,7490,false,false,false,false,true
https://maximusscpi.com/articles/ofi-invest-real-estate/,https://maximusscpi.com/articles/ofi-invest-real-estate/,200,0,,https://maximusscpi.com/,index, follow, max-image-preview:large, max-snippet:-1, max-video-preview:-1,MaximusSCPI — Investir en SCPI avec un Expert Certifié ORIAS,Comparez 63 SCPI en temps réel ✓ Rendements jusqu,,7490,false,false,false,false,true
https://maximusscpi.com/articles/otoktone-3i/,https://maximusscpi.com/articles/otoktone-3i/,200,0,,https://maximusscpi.com/,index, follow, max-image-preview:large, max-snippet:-1, max-video-preview:-1,MaximusSCPI — Investir en SCPI avec un Expert Certifié ORIAS,Comparez 63 SCPI en temps réel ✓ Rendements jusqu,,7490,false,false,false,false,true
https://maximusscpi.com/articles/gestionnaires-acteurs-scpi/,https://maximusscpi.com/articles/gestionnaires-acteurs-scpi/,200,0,,https://maximusscpi.com/,index, follow, max-image-preview:large, max-snippet:-1, max-video-preview:-1,MaximusSCPI — Investir en SCPI avec un Expert Certifié ORIAS,Comparez 63 SCPI en temps réel ✓ Rendements jusqu,,7490,false,false,false,false,true
https://maximusscpi.com/articles/altarea-investment-managers/,https://maximusscpi.com/articles/altarea-investment-managers/,200,0,,https://maximusscpi.com/,index, follow, max-image-preview:large, max-snippet:-1, max-video-preview:-1,MaximusSCPI — Investir en SCPI avec un Expert Certifié ORIAS,Comparez 63 SCPI en temps réel ✓ Rendements jusqu,,7490,false,false,false,false,true
https://maximusscpi.com/articles/epsicap/,https://maximusscpi.com/articles/epsicap/,200,0,,https://maximusscpi.com/,index, follow, max-image-preview:large, max-snippet:-1, max-video-preview:-1,MaximusSCPI — Investir en SCPI avec un Expert Certifié ORIAS,Comparez 63 SCPI en temps réel ✓ Rendements jusqu,,7490,false,false,false,false,true
https://maximusscpi.com/articles/theoreim/,https://maximusscpi.com/articles/theoreim/,200,0,,https://maximusscpi.com/,index, follow, max-image-preview:large, max-snippet:-1, max-video-preview:-1,MaximusSCPI — Investir en SCPI avec un Expert Certifié ORIAS,Comparez 63 SCPI en temps réel ✓ Rendements jusqu,,7490,false,false,false,false,true
https://maximusscpi.com/articles/scpi-expatrie-fiscalite/,https://maximusscpi.com/articles/scpi-expatrie-fiscalite/,200,0,,https://maximusscpi.com/,index, follow, max-image-preview:large, max-snippet:-1, max-video-preview:-1,MaximusSCPI — Investir en SCPI avec un Expert Certifié ORIAS,Comparez 63 SCPI en temps réel ✓ Rendements jusqu,,7490,false,false,false,false,true
https://maximusscpi.com/articles/declaration-revenus-scpi-erreurs/,https://maximusscpi.com/articles/declaration-revenus-scpi-erreurs/,200,0,,https://maximusscpi.com/,index, follow, max-image-preview:large, max-snippet:-1, max-video-preview:-1,MaximusSCPI — Investir en SCPI avec un Expert Certifié ORIAS,Comparez 63 SCPI en temps réel ✓ Rendements jusqu,,7490,false,false,false,false,true
https://maximusscpi.com/articles/scpi-investir-en-couple/,https://maximusscpi.com/articles/scpi-investir-en-couple/,200,0,,https://maximusscpi.com/,index, follow, max-image-preview:large, max-snippet:-1, max-video-preview:-1,MaximusSCPI — Investir en SCPI avec un Expert Certifié ORIAS,Comparez 63 SCPI en temps réel ✓ Rendements jusqu,,7490,false,false,false,false,true
https://maximusscpi.com/articles/scpi-hotellerie-tourisme/,https://maximusscpi.com/articles/scpi-hotellerie-tourisme/,200,0,,https://maximusscpi.com/,index, follow, max-image-preview:large, max-snippet:-1, max-video-preview:-1,MaximusSCPI — Investir en SCPI avec un Expert Certifié ORIAS,Comparez 63 SCPI en temps réel ✓ Rendements jusqu,,7490,false,false,false,false,true
https://maximusscpi.com/articles/investir-scpi-une-fois-ou-progressivement/,https://maximusscpi.com/articles/investir-scpi-une-fois-ou-progressivement/,200,0,,https://maximusscpi.com/,index, follow, max-image-preview:large, max-snippet:-1, max-video-preview:-1,MaximusSCPI — Investir en SCPI avec un Expert Certifié ORIAS,Comparez 63 SCPI en temps réel ✓ Rendements jusqu,,7490,false,false,false,false,true
https://maximusscpi.com/articles/scpi-internationales-diversification/,https://maximusscpi.com/articles/scpi-internationales-diversification/,200,0,,https://maximusscpi.com/,index, follow, max-image-preview:large, max-snippet:-1, max-video-preview:-1,MaximusSCPI — Investir en SCPI avec un Expert Certifié ORIAS,Comparez 63 SCPI en temps réel ✓ Rendements jusqu,,7490,false,false,false,false,true
https://maximusscpi.com/articles/,https://maximusscpi.com/articles/,200,0,,https://maximusscpi.com/,index, follow, max-image-preview:large, max-snippet:-1, max-video-preview:-1,MaximusSCPI — Investir en SCPI avec un Expert Certifié ORIAS,Comparez 63 SCPI en temps réel ✓ Rendements jusqu,,7490,false,false,false,false,true
https://maximusscpi.com/articles/construire-portefeuille-scpi/,https://maximusscpi.com/articles/construire-portefeuille-scpi/,200,0,,https://maximusscpi.com/,index, follow, max-image-preview:large, max-snippet:-1, max-video-preview:-1,MaximusSCPI — Investir en SCPI avec un Expert Certifié ORIAS,Comparez 63 SCPI en temps réel ✓ Rendements jusqu,,7490,false,false,false,false,true