nom,id,status,yield_effectif,yield_source,price,tof,nb_secteurs,secteurs_somme,nb_geo,geo_somme,capitalisation,source,issues,yield_ts,yield_json
Activimmo,1,OK,5.5,json,610,92.6,5,100.0,7,100.0,1400M€,extracted_t1_2026,,5.5,5.5
Aestiam Cap'Hebergimmo,2,OK,3.18,json,252,91.79,3,100.0,3,100.0,82M€,ancien_stock,,3.18,3.18
Aestiam Pierre Rendement,3,OK,4.49,json,922,94.25,4,100.0,4,100.0,401M€,ancien_stock,,4.49,4.49
Aestiam Horizon,4,OK,5.1,json,350,88.65,5,100.0,8,100.0,380M€,extracted_t1_2026,,5.1,5.1
Altixia Cadence 12,5,OK,5.15,json,200,92.5,4,100.0,5,100.0,190.36M€,extracted_t1_2026,,5.15,5.15
Altixia Commerces,6,OK,5.0,json,203,89.1,4,100.0,3,100.0,107.08M€,ancien_stock,,5.0,5.0
Atream Hotel,7,OK,5.05,json,1000,100,2,100.0,5,100.0,325.99M€,extracted_t1_2026,,5.05,5.05
Buroboutic Métropoles,8,OK,5.1,json,77,93.85,3,100.0,3,100.0,316M€,ancien_stock,,5.1,5.1
Coeur d'Europe,9,OK,6.25,json,204,95.02,4,100.0,4,100.0,256.2M€,extracted_t1_2026,,6.25,6.25
Coeur de Région,10,OK,6.2,json,664,95.03,5,100.0,2,100.0,435.63M€,ancien_stock,,6.2,6.2
Coeur de ville,11,OK,6.2,json,210,97.63,4,100.0,2,100.0,28.84M€,extracted_t1_2026,,6.2,6.2
Comète,12,OK,9,json,250,99.5,7,100.0,7,100.0,652.0M€,extracted_t1_2026,,9.0,9
Crédit Mutuel Pierre 1,13,OK,4.49,json,215,82.3,3,100.0,5,100.0,800.35M€,ancien_stock,,4.49,4.49
Cristal Life,14,OK,6.54,json,208,95.57,5,100.0,8,100.0,387.43M€,extracted_t1_2026,,6.54,6.54
Edissimo,15,OK,3.63,json,172,87.03,7,100.0,10,100.0,3030M€,ancien_stock,,3.63,3.63
Efimmo 1,16,ATTENTION,4.44,json,212,86.02,4,96.6,9,100.1,1741M€,extracted_t1_2026,SECTEURS_SOMME_INCORRECTE (96.6%),4.44,4.44
Épargne Foncière,17,OK,4.86,json,670,88.7,5,100.0,7,100.0,4142.67M€,extracted_t1_2026,,4.86,4.86
Épargne Pierre,18,OK,5.28,json,208,94.41,6,100.0,6,100.0,2811M€,extracted_t1_2026,,5.28,5.28
Épargne Pierre Europe,19,OK,6.75,json,200,99.88,5,100.0,5,100.0,635M€,ancien_stock,,6.75,6.75
ESG Pierre Capital,20,OK,5.22,json,188,96.28,5,100.0,4,100.0,117M€,ancien_stock,,5.22,5.22
Ficommerce Proximité,21,OK,5.1,json,70,94.56,3,100.0,4,100.0,596M€,extracted_t1_2026,,5.1,5.1
Foncière des Praticiens,22,OK,5.5,json,1100,96.7,3,100.0,2,100.0,173M€,ancien_stock,,5.5,5.5
GMA Essentialis,23,OK,4.0,json,206,99.7,3,100.0,2,100.0,44.55M€,ancien_stock,,4.0,4.0
Grand Paris Résidentiel,24,ATTENTION,0,ts,200,92.38,2,100.0,2,100.0,12.04M€,ancien_stock,YIELD_MANQUANT,0,0
Immorente,25,OK,5,json,340,91.21,5,100.0,9,100.0,4391M€,extracted_t1_2026,,5.0,5
Iroko Zen,26,OK,7.12,json,204,97.11,6,100.0,7,100.0,1499M€,extracted_t1_2026,,7.12,7.12
Kyaneos Pierre,27,OK,4.35,json,224,88.9,2,100.0,1,100.0,445M€,extracted_t1_2026,,4.35,4.35
LF Avenir Santé,28,OK,5.08,json,300,100,1,100.0,5,100.0,273.43M€,ancien_stock,,5.08,5.08
LF Europimmo,29,OK,4.63,json,725,95.3,5,100.0,10,100.0,812.91M€,extracted_t1_2026,,4.63,4.63
LF Grand Paris Patrimoine,30,OK,4.66,json,218,88.1,3,100.0,3,100.0,1069.86M€,extracted_t1_2026,,4.66,4.66
Log In,31,OK,6.21,json,255,100,3,99.0,6,100.0,240.81M€,extracted_t1_2026,,6.21,6.21
NCap Education Santé,32,ATTENTION,4.52,json,202,96.0,5,100.0,2,100.0,116.7M€,ancien_stock,GEO_GENERIQUE_France70_Europe30,4.52,4.52
NCap Régions,33,OK,5.72,json,682,91.6,4,100.5,14,100.0,1097.1M€,extracted_t1_2026,,5.72,5.72
Novapierre 1,34,OK,5,json,442,85.3,7,100.0,4,100.0,172.1M€,extracted_t1_2026,,5,5
Novapierre Résidentiel,35,OK,1.2,json,1664,87.7,1,100.0,4,99.6,348M€,ancien_stock,,0,1.2
Novaxia NEO,36,OK,5.5,json,176.68,90.6,4,100.0,5,100.0,427.9M€,extracted_t1_2026,,5.5,5.5
Opportunité Immo,37,OK,5.68,json,203,95,2,100.0,6,100.0,313015444Md€,extracted_t1_2026,,5.68,5.68
Optimale,38,OK,6.5,json,255,95.31,4,100.0,1,100.0,92M€,extracted_t1_2026,,6.5,6.5
Paref Evo,39,OK,4.72,json,250,87.8,2,100.0,2,100.0,49.3M€,extracted_t1_2026,,4.72,4.72
Paref Hexa,40,OK,6,json,172,84.9,4,100.0,4,100.0,201.1M€,extracted_t1_2026,,6,6
Patrimmo Croissance Impact,41,ATTENTION,0,ts,677,92.4,2,100.0,4,100.0,189.7M€,extracted_t1_2026,YIELD_MANQUANT,0,0
Perial Grand Paris,42,OK,4.8,json,458,84.4,4,100.1,3,100.0,1051.87M€,extracted_t1_2026,,4.8,4.8
Perial Hospitalité Europe,43,OK,4.11,json,181,99.3,3,100.0,4,100.0,333.04M€,ancien_stock,,4.11,4.11
Perial O2,44,OK,4.65,json,164,86.2,5,99.9,7,100.0,2401.59M€,extracted_t1_2026,,4.65,4.65
Perial Opportunités Europe,45,OK,6.1,json,44,89.4,6,100.0,5,99.9,790.46M€,extracted_t1_2026,,6.1,6.1
Remake Live,46,OK,7.05,json,204,99.16,8,100.6,9,100.0,882.0M€,extracted_t1_2026,,7.05,7.05
Selectinvest 1,47,OK,4.44,json,530,84.1,5,100.0,4,100.0,1241.94M€,ancien_stock,,4.44,4.44
Selectipierre 2,48,OK,4.14,json,773,94.89,5,100.0,3,100.0,466.5M€,extracted_t1_2026,,4.14,4.14
Sofiprime,49,OK,0.54,json,280,79.47,2,100.0,3,100.0,44.9M€,extracted_t1_2026,,0.54,0.54
Transitions Europe,50,OK,7.6,json,202.0,98.5,7,100.0,7,100.0,1250.0M€,ancien_stock,,7.6,7.6
Urban Coeur de Commerce,51,OK,5.3,json,303.0,91.95,4,100.0,2,100.0,92.36M€,extracted_t1_2026,,5.3,5.3
NCap Continent,52,OK,7.1,json,210,100.0,4,100.0,3,100.0,71.5M€,extracted_t1_2026,,7.1,7.1
Wemo One,53,OK,15.27,json,210,100,5,100.0,4,100.0,121.9M€,extracted_t1_2026,,15.27,15.27
Iroko Atlas,54,OK,9.66,ts,200,99.93,5,100.0,6,100.1,120M€,extracted_t1_2026,,9.66,
Epsicap Nano,55,OK,6.08,json,257,97.9,6,100.0,4,100.0,202M€,extracted_t1_2026,,6.08,6.08
Alta Convictions,56,ATTENTION,6.57,json,308,96,1,100,7,100.0,121M€,extracted_t1_2026,SECTEURS_GENERIQUES_100pct,6.57,6.57
Cristal Rente,57,OK,5,json,255.68,98.99,4,100.0,5,100.0,682.95M€,extracted_t1_2026,,5,5
Rivoli Avenir Patrimoine,58,OK,3.46,json,228,86.03,5,100.1,10,100.1,2927M€,extracted_t1_2026,,3.46,3.46
Primovie,59,OK,4.04,json,164,94.7,4,100.0,8,100.1,4.2Md€,extracted_t1_2026,,4.04,4.04
Praemia Hôtels Europe,60,OK,3.9,json,204,97.7,4,100.0,8,100.0,252.5M€,extracted_t1_2026,,3.9,3.9
Pierval Santé,61,OK,4.39,json,204,94.59,3,100.0,2,100,3300M€,extracted_t1_2026,,4.39,4.39
Patrimmo Commerce,62,OK,3.38,json,160,91,3,100.0,7,100.0,613.7M€,extracted_t1_2026,,3.38,3.38
Aestiam Agora,63,OK,4.5,json,922,91.7,4,100.0,8,100.0,468M€,extracted_t1_2026,,4.5,4.5
