nom_scpi,societe_gestion,annee_creation,profil_risque,label_isr,capitalisation_m,prix_souscription,valeur_retrait,surcote_decote_pct,valeur_reconstitution,valeur_realisation,taux_distribution_pct,distribution_par_part,endettement_pct,tof_pct,nombre_immeubles,minimum_souscription,delai_jouissance_mois,versement_loyers,duree_detention_recommandee_ans,frais_souscription_pct,sfdr,profil_cible,frais_gestion_pct,repartition_sectorielle_json,repartition_geo_json,_sect_status,_geo_status,_td_status,_delai_status,_data_status,_source_origin
Activimmo,Alderan,2019,3,Oui,1310.0,610.0,545.34,0.0,609.65,507.28,5.5,33.56,0.6,94.8,183,6100.0,6.0,Trimestriel,8.0,10.6,Article 8,Profil équilibré,10.0,"{""Entrepôts logistiques"": 51.0, ""Locaux d'activités"": 32.0, ""Logistique urbaine"": 9.0, ""Transports"": 7.0, ""Autres"": 1.0}","{""France - Dorsale logistique hors IDF"": 45.5, ""France - Autres régions"": 16.0, ""Espagne"": 14.0, ""France - Région parisienne"": 10.0, ""France - Arc atlantique"": 9.0, ""Italie"": 3.0, ""Irlande"": 1.0, ""Pays bas"": 1.0, ""Allemagne"": 0.5}",parsed,ok,ok,ok,legacy_fallback,legacy_dataset
Aestiam Cap'Hebergimmo,Aestiam,2013,4,Oui,82.0,252.0,226.8,-5.76,238.51,194.9,3.18,8.01,21.0,91.79,12,2520.0,2.0,Trimestriel,10.0,10.0,Article 8,Profil équilibré,9.0,"{""Hôtels"": 71.0, ""Séminaires"": 27.0, ""Loisirs"": 2.0}","{""Étranger"": 42.0, ""Régions"": 35.0, ""Région Parisienne"": 23.0}",parsed,ok,ok,ok,legacy_fallback,legacy_dataset
Aestiam Pierre Rendement,Aestiam,1990,3,Oui,401.0,922.0,829.8,-3.21,952.51,790.14,4.49,41.4,10.6,94.25,190,9220.0,2.0,Trimestriel,10.0,10.0,Article 6,Profil équilibré,10.0,"{""Commerces"": 69.0, ""Hôtels Séminaires"": 21.0, ""Bureaux"": 7.0, ""Enseignement"": 3.0}","{""Paris"": 37.0, ""Région Parisienne"": 30.0, ""Métropoles Régionales"": 27.0, ""Étranger"": 6.0}",parsed,ok,ok,ok,legacy_fallback,legacy_dataset
Aestiam Placement Pierre,Aestiam,1986,3,Oui,380.0,350.0,315.0,0.0,348.04,288.64,5.4,17.85,13.0,90.4,150,350.0,2.0,Trimestriel,10.0,10.0,Article 8,Profil équilibré,9.5,"{""Bureaux"": 77.0, ""Commerces"": 16.0, ""Hôtels"": 3.0, ""Enseignement"": 2.0, ""Locaux d'activités"": 2.0}","{""Paris"": 20.0, ""Région Parisienne"": 30.0, ""Régions"": 39.0, ""Etranger"": 11.0}",parsed,ok,ok,ok,legacy_fallback,legacy_dataset
Altixia Cadence 12,ALTIXIA REIM,2018,3,Oui,186.78,200.0,182.0,0.0,199.82,168.15,5.73,2.72,11.35,96.9,29,2000.0,2.0,Mensuel,9.0,9.0,Article 8,Profil équilibré,10.0,"{""Commerces"": 38.0, ""Activités"": 32.0, ""Bureaux"": 26.0, ""Logistique"": 4.0}","{""Régions"": 59.0, ""Ile-de-France"": 23.0, ""Espagne"": 9.0, ""Irlande"": 6.0, ""Paris"": 3.0}",parsed,ok,ok,ok,legacy_fallback,legacy_dataset
Altixia Commerces,ALTIXIA REIM,2018,3,Oui,107.64,203.0,197.92,-2.66,208.54,187.35,5.12,2.49,5.1,90.77,22,2030.0,5.0,Trimestriel,9.0,2.5,Article 8,Profil équilibré,15.0,"{""Commerces en retail park"": 58.0, ""Commerces en pied d'immeuble"": 38.0, ""Bureaux et activités"": 4.0}","{""Régions"": 62.0, ""Ile-de-France"": 29.0, ""Paris"": 9.0}",parsed,ok,ok,ok,legacy_fallback,legacy_dataset
Atream Hotel,Atream,2016,4,Oui,299.34,1000.0,900.0,-6.42,1068.55,878.1,5.05,12.62,24.87,100.0,22,5000.0,4.0,Trimestriel,10.0,10.0,Article 8,Profil équilibré,10.0,"{""Hôtels"": 71.0, ""Autres types d'hébergements touristiques"": 29.0}","{""France"": 33.0, ""Allemagne"": 30.0, ""Belgique"": 23.0, ""Pays-Bas"": 14.0}",parsed,ok,ok,ok,legacy_fallback,legacy_dataset
Buroboutic Métropoles,FIDUCIAL Gérance,1986,3,Oui,318.5,230.0,207.0,-2.44,235.76,198.36,5.07,11.65,23.1,97.17,165,2300.0,3.0,Trimestriel,8.0,10.0,Article 8,Profil équilibré,9.5,"{""Locaux commerciaux"": 50.8, ""Bureaux"": 32.2, ""Locaux d'activités"": 17.0}","{""Régions"": 53.3, ""Ile-de-France"": 31.9, ""Paris"": 14.8}",parsed,ok,ok,ok,legacy_fallback,legacy_dataset
Coeur de Région,Sogenial Immobilier,2018,3,Oui,385.28,664.0,584.32,-2.83,683.32,557.24,6.2,10.3,9.39,96.62,80,2656.0,6.0,Trimestriel,10.0,10.0,Article 8,Profil équilibré,10.0,"{""Régions"": 85.2, ""Île-de-France"": 14.8}","{""Paris"": 49.6, ""Régions françaises"": 50.4}",parsed,repaired,ok,ok,legacy_fallback,legacy_dataset
Coeur de ville,Sogenial Immobilier,2013,3,Non,27.02,210.0,184.8,-3.24,217.04,177.78,5.3,2.79,18.2,98.04,31,2100.0,4.0,Trimestriel,10.0,10.0,Article 6,Profil équilibré,10.0,"{""Commerce alimentaire"": 46.12, ""Commerce non alimentaire"": 29.23, ""Services"": 21.43, ""Santé et éducation"": 3.22}","{""Province"": 84.4, ""Paris"": 15.6}",parsed,ok,ok,ok,legacy_fallback,legacy_dataset
Coeur d'Europe,Sogenial Immobilier,2021,3,Oui,170.32,200.0,176.0,-5.68,212.05,175.7,6.02,2.8,0.82,98.56,32,2000.0,6.0,Trimestriel,10.0,10.0,Article 8,Profil équilibré,10.0,"{""Espagne"": 38.7, ""Belgique"": 30.4, ""Portugal"": 20.7, ""Allemagne"": 10.2}","{""Allemagne"": 44.0, ""France"": 20.0, ""Pays-Bas"": 16.0, ""Italie"": 12.0, ""Espagne"": 8.0}",parsed,ok,ok,ok,legacy_fallback,legacy_dataset
Comète,Alderan,2023,3,Oui,120.8,250.0,225.0,-3.27,258.45,221.08,11.18,26.56,30.0,93.6,9,5000.0,6.0,Trimestriel,8.0,10.0,Article 8,Profil équilibré,11.0,"{""Bureaux"": 28.0, ""Loisir"": 24.0, ""Locaux mixtes"": 15.0, ""Logistique"": 13.0, ""Commerces"": 12.0, ""Hôtellerie"": 9.0}","{""Espagne"": 31.0, ""Royaume-Uni"": 26.0, ""Pays-Bas"": 24.0, ""Italie"": 19.0}",parsed,ok,ok,ok,legacy_fallback,legacy_dataset
Crédit Mutuel Pierre 1,La Française REM,1973,4,Oui,2154.2,210.0,197.8,-4.31,219.67,185.57,4.52,9.0,25.6,93.8,132,210.0,6.0,Trimestriel,10.0,8.5,Article 8,Profil équilibré,9.0,"{""Bureaux"": 80.1, ""Locaux commerciaux"": 19.9}","{""Paris"": 26.9, ""Île-de-France"": 53.2, ""Régions"": 16.8, ""Allemagne"": 3.1}",parsed,ok,ok,ok,legacy_fallback,legacy_dataset
Cristal Life,Inter Gestion REIM,2018,3,Oui,290.4,225.0,181.28,0.0,224.93,196.44,5.2,10.4,20.4,93.4,31,2250.0,5.0,Trimestriel,10.0,10.0,Article 9,Profil équilibré,9.0,"{""Commerce"": 42.0, ""Bureaux"": 22.0, ""Santé"": 14.0, ""Éducation"": 10.0, ""Résidentiel"": 12.0}","{""Régions"": 78.0, ""Île-de-France"": 14.0, ""Étranger"": 8.0}",parsed,ok,ok,ok,legacy_fallback,legacy_dataset
Edissimo,Amundi Immobilier,1983,4,Oui,1639.5,338.0,158.25,-7.27,364.52,269.67,4.45,15.2,13.8,89.45,186,338.0,4.0,Trimestriel,10.0,10.0,Article 8,Profil équilibré,9.6,"{""Bureaux"": 88.0, ""Hôtellerie"": 9.0, ""Logistique"": 3.0}","{""Paris"": 65.0, ""Île-de-France"": 30.0, ""Régions"": 5.0}",parsed,ok,ok,ok,legacy_fallback,legacy_dataset
Efimmo 1,Sofidy,1987,3,Oui,3749.9,225.0,190.8,-6.07,240.6,200.9,5.5,12.0,28.1,90.89,252,2120.0,6.0,Trimestriel,8.0,10.0,Article 8,Profil équilibré,9.6,"{""Bureaux"": 78.0, ""Commerces"": 18.0, ""Logistique"": 4.0}","{""Ile-de-France"": 54.5, ""Régions"": 36.1, ""Paris"": 7.2, ""Allemagne"": 2.2}",parsed,ok,ok,ok,legacy_fallback,legacy_dataset
Patrimmo Croissance Impact,Præmia REIM France,2025,3,Oui,189.7,677.0,597.38,0.0,678.58,566.77,0.0,0.0,6.21,92.4,64,7200.0,1.0,NC,10.0,9.8,Article 8,Profil équilibré,9.0,"{""Logement"": 100.0}","{""Région parisienne"": 36.8, ""Paris"": 32.6, ""Régions"": 27.8, ""Parts SCPI"": 2.8}",parsed,ok,zero,ok,legacy_fallback,legacy_dataset
Perial Grand Paris,PERIAL Asset Management,2017,4,Oui,1100.0,458.0,449.0,1.84,449.73,357.29,5.1,23.05,33.8,89.4,97,1000.0,5.0,Trimestriel,8.0,9.5,Article 8,Profil équilibré,10.0,"{""Bureaux"": 94.4, ""Commerces"": 2.2, ""Logistique et locaux d'activités"": 1.8, ""loisirs"": 1.6}","{""Région Parisienne"": 75.4, ""Paris"": 20.3, ""Régions"": 4.3}",parsed,ok,ok,ok,legacy_fallback,legacy_dataset
NCap Régions,Norma Capital,2015,3,Oui,972.8,670.0,613.8,-4.43,701.06,576.68,5.72,38.32,25.9,92.7,169,3350.0,6.0,Trimestriel,10.0,10.0,Article 8,Profil équilibré,10.0,"{""_labels_only"": ""Bureaux, Activités, Commerces""}","{""_labels_only"": ""Grandes agglomérations de province, Ile-de-France""}",labels_only,labels_only,ok,ok,legacy_fallback,legacy_dataset
Novapierre 1,PAREF GESTION,1999,3,Oui,180.1,442.0,406.64,0.0,444.31,370.16,5.0,21.57,29.7,89.7,122,2210.0,4.0,Trimestriel,10.0,10.0,Article 8,Profil équilibré,10.0,"{""Alimentaire"": 15.2, ""Santé"": 9.8, ""Équipement de la maison"": 30.3, ""Restauration"": 15.7, ""Services"": 12.5, ""Culture et loisirs"": 6.6, ""Autres"": 9.9}","{""Autres régions"": 30.8, ""Paris"": 28.6, ""12 métropoles régionales"": 21.2, ""Ile-de-France hors Paris"": 19.4}",parsed,ok,ok,ok,legacy_fallback,legacy_dataset
Novapierre Résidentiel,PAREF GESTION,1996,3,Non,347.9,1664.0,1498.43,5.22,1581.44,1314.32,0.0,0.0,17.1,90.7,144,8320.0,2.0,NC,10.0,8.29,Article 6,Profil prudent,1.71,"{""Résidentiel"": 100.0}","{""Paris"": 77.8, ""Région parisienne"": 19.9, ""Nice"": 2.3}",parsed,ok,zero,ok,legacy_fallback,legacy_dataset
Novaxia NEO,Novaxia Investissement,2019,3,Oui,427.6,187.0,187.0,0.0,188.33,161.92,6.01,0.0,29.0,97.7,38,748.0,,Mensuel,10.0,0.0,Article 9,Profil équilibré,15.0,"{""Bureaux"": 93.0, ""Hôtels"": 3.0, ""Activités"": 3.0, ""Enseignement"": 1.0}","{""_labels_only"": ""France, Europe hors zone Euro, pays de l'OCDE""}",parsed,labels_only,ok,nc,legacy_fallback,legacy_dataset
Opportunité Immo,La Française REM,2012,3,Oui,313.02,203.0,184.73,-7.79,215.61,177.31,5.62,11.37,30.0,97.5,45,203.0,6.0,Trimestriel,9.0,9.0,Article 8,Profil équilibré,10.0,"{""Logistique et locaux d'activités"": 70.0, ""Bureaux et commerces"": 30.0}","{""France"": 70.0, ""Europe"": 30.0}",parsed,ok,ok,ok,legacy_fallback,legacy_dataset
Optimale,CONSULTIM Asset Management,2020,3,Oui,76.0,250.0,225.0,-4.21,260.98,217.18,6.51,16.28,17.7,96.0,30,1500.0,4.0,Mensuel,10.0,10.0,Article 8,Profil équilibré,10.0,"{""Bureaux"": 65.0, ""Logistique et locaux d'activités"": 15.0, ""Commerces"": 10.0, ""Santé et éducation"": 5.0, ""Hôtellerie"": 5.0}","{""_labels_only"": ""Métropoles françaises""}",parsed,labels_only,ok,ok,legacy_fallback,legacy_dataset
Paref Evo,PAREF GESTION,2020,4,Oui,47.0,250.0,225.0,1.48,246.35,214.15,6.0,12.4,0.0,97.2,5,1250.0,6.0,Trimestriel,10.0,10.0,Article 8,Profil équilibré,8.33,"{""Bureaux"": 89.7, ""Locaux d'activité"": 10.3}","{""Pologne"": 100.0}",parsed,ok,ok,ok,legacy_fallback,legacy_dataset
GMA Essentialis,GREENMAN ARTH,2021,3,Oui,42.32,150.0,185.4,-9.86,166.45,134.4,0.0,,39.07,99.67,14,2060.0,5.0,Trimestriel,10.0,10.0,Article 8,Profil équilibré,10.0,"{""Alimentaire"": 90.0, ""Tertiaire"": 10.0}","{""France"": 51.0, ""Allemagne"": 49.0}",parsed,ok,zero,ok,legacy_fallback,legacy_dataset
Grand Paris Résidentiel,Inter Gestion REIM,2018,3,Non,12.21,200.0,176.0,-3.28,193.67,161.76,0.0,0.0,38.44,92.14,7,200.0,3.0,Trimestriel,10.0,10.0,Article 6,Profil prudent,10.0,"{""Logement"": 99.6, ""Commerces"": 0.4}","{""Ile-de-France"": 87.0, ""Régions"": 13.0}",parsed,ok,zero,ok,legacy_fallback,legacy_dataset
Immorente,SOFIDY,1988,3,Oui,4392.0,340.0,306.0,6.33,319.75,267.82,5.04,16.64,15.3,92.61,993,1360.0,4.0,Trimestriel,8.0,10.0,Article 8,Profil équilibré,10.0,"{""Bureaux"": 36.3, ""Commerces de centre-ville et milieu urbain"": 24.1, ""Galeries commerciales"": 13.7, ""Autres"": 9.5, ""Moyennes surfaces commerciales de périphéries"": 16.4}","{""Paris Centre"": 22.5, ""Grand Paris"": 25.0, ""Métropoles françaises"": 32.8, ""Pays-Bas"": 7.9, ""Allemagne"": 4.5, ""Belgique"": 3.0, ""Royaume-Uni"": 2.9, ""Irlande"": 0.6, ""Reste de l'Europe"": 0.8}",parsed,ok,ok,ok,legacy_fallback,legacy_dataset
Iroko Zen,Iroko,2020,4,Oui,1100.0,202.0,204.0,-5.76,214.37,213.65,6.01,14.58,26.18,97.7,38,202.0,1.0,Mensuel,10.0,0.0,Article 8,Profil équilibré,12.5,"{""Bureaux"": 30.0, ""Commerces"": 34.0, ""Locaux d'activités"": 21.0, ""Entrepôts"": 11.0, ""Hôtels"": 3.0, ""Enseignement"": 1.0}","{""France"": 44.0, ""Pays-Bas"": 10.0, ""Allemagne"": 8.0, ""Espagne"": 10.0, ""Royaume-Uni"": 16.0, ""Irlande"": 12.0}",parsed,ok,ok,ok,legacy_fallback,legacy_dataset
Kyaneos Pierre,KYANEOS ASSET MANAGEMENT,2018,3,Oui,384.78,224.0,199.36,-3.66,232.55,197.58,4.96,9.46,0.0,90.0,602,2240.0,6.0,Trimestriel,10.0,9.17,Article 9,Profil équilibré,10.0,"{""Résidentiel"": 80.0, ""Tertiaire"": 20.0}","{""France"": 100.0}",parsed,ok,ok,ok,legacy_fallback,legacy_dataset
LF Avenir Santé,La Française REM,2021,3,Oui,231.71,300.0,273.0,-2.34,307.2,242.62,5.2,14.1,23.75,100.0,33,300.0,6.0,Trimestriel,9.0,10.0,Article 8,Profil prudent,10.0,"{""Soins de ville"": 43.0, ""Établissements sanitaires"": 41.0, ""Solutions d'accueil générationnelles"": 16.0}","{""Paris"": 32.75, ""Ile-de-France"": 5.58, ""Régions"": 40.09, ""Belgique"": 11.93, ""Irlande"": 9.65}",parsed,ok,ok,ok,legacy_fallback,legacy_dataset
LF Europimmo,La Française REM,2014,4,Oui,873.86,725.0,667.0,-6.97,779.36,642.75,4.3,40.63,17.87,97.3,56,725.0,6.0,Trimestriel,9.0,8.0,Article 8,Profil équilibré,10.0,"{""Bureaux"": 87.0, ""Commerces"": 12.0, ""Résidences gérées"": 1.0}","{""Allemagne"": 71.6, ""France"": 16.3, ""Pays-Bas"": 8.8, ""Belgique"": 2.2, ""Espagne"": 1.1}",parsed,repaired,ok,ok,legacy_fallback,legacy_dataset
LF Grand Paris Patrimoine,La Française REM,1999,4,Oui,1251.45,218.0,200.56,-7.87,236.63,191.17,4.4,13.63,32.69,95.1,62,218.0,6.0,Trimestriel,9.0,8.0,Article 8,Profil équilibré,10.0,"{""Bureaux"": 75.0, ""Commerces"": 25.0}","{""Ile-de-France"": 85.0, ""Régions"": 15.0}",parsed,ok,ok,ok,legacy_fallback,legacy_dataset
Log In,THEOREIM,2022,3,Oui,192.1,250.0,225.0,-3.18,258.21,207.32,6.0,15.0,4.45,98.6,13,1000.0,6.0,Trimestriel,10.0,10.0,Article 8,Profil équilibré,10.0,"{""Logistique et locaux d'activités"": 97.0, ""Bureaux"": 3.0}","{""_labels_only"": ""Union européenne et Royaume-Uni""}",parsed,labels_only,ok,ok,legacy_fallback,legacy_dataset
NCap Education Santé,Norma Capital,2018,3,Oui,110.0,202.0,181.8,0.0,203.01,173.23,4.85,9.8,22.96,96.5,51,2020.0,6.0,Trimestriel,10.0,10.0,Article 8,Profil prudent,10.0,"{""Santé / social"": 66.0, ""Bien-être"": 16.0, ""Éducation"": 16.0, ""Environnement"": 2.0}","{""_labels_only"": ""France, Zone euro et hors zone euro""}",parsed,labels_only,ok,ok,legacy_fallback,legacy_dataset
Paref Hexa,PAREF GESTION,1991,2,Oui,267.6,210.0,189.0,5.25,199.52,163.32,6.0,12.58,25.8,93.6,43,1050.0,6.0,Trimestriel,10.0,10.0,Article 8,Profil équilibré,8.0,"{""Bureaux"": 66.3, ""Locaux d'activité"": 23.9, ""Logistique et Messagerie"": 6.3, ""Autres"": 3.5}","{""12 métropoles régionales"": 56.3, ""Ile-de-France"": 27.1, ""Autres régions"": 11.5, ""Paris"": 5.1}",parsed,ok,ok,ok,legacy_fallback,legacy_dataset
Remake Live,Remake Asset Management,2022,3,Oui,647.0,204.0,204.0,0.0,204.05,177.52,7.5,15.29,23.1,99.0,56,204.0,6.0,Mensuel,10.0,0.0,Article 8,Profil équilibré,15.0,"{""Bureaux"": 37.76, ""Santé & éducation"": 24.04, ""Logistique et locaux d'activité"": 15.37, ""Commerces"": 13.24, ""loisirs"": 4.78, ""Résidentiel"": 3.74, ""Alternatifs"": 1.07}","{""France"": 24.51, ""Royaume Uni"": 32.16, ""Espagne"": 12.67, ""Pays-Bas"": 10.4, ""Irlande"": 7.2, ""Pologne"": 8.74, ""Allemagne"": 3.26, ""Portugal"": 1.07}",parsed,repaired,ok,ok,legacy_fallback,legacy_dataset
Perial Opportunités Europe,PERIAL Asset Management,1998,3,Oui,777.63,880.0,796.4,-3.45,859.08,683.84,6.27,51.7,30.6,93.6,133,4400.0,5.0,Trimestriel,8.0,9.5,Article 8,Profil équilibré,10.0,"{""Bureaux"": 49.5, ""loisirs"": 26.3, ""Commerces"": 18.3, ""Santé & éducation"": 4.9, ""Logistique et locaux d'activités"": 0.8, ""Alternatifs"": 0.1}","{""Régions"": 41.0, ""Europe (hors France)"": 39.8, ""Région parisienne"": 19.2}",parsed,repaired,ok,ok,legacy_fallback,legacy_dataset
Perial O2,PERIAL Asset Management,2009,4,Oui,2420.0,164.0,150.06,7.46,152.62,122.01,4.91,7.8,32.3,91.3,198,4920.0,4.0,Trimestriel,8.0,8.5,Article 8,Profil équilibré,9.58,"{""Bureaux"": 85.4, ""loisirs"": 5.8, ""Santé & éducation"": 4.5, ""Commerces"": 3.6, ""Logistique et locaux d'activités"": 0.7}","{""Régions"": 38.4, ""Région parisienne"": 36.6, ""Europe (hors France)"": 22.5, ""Paris (2"": null}",parsed,repaired,ok,ok,legacy_fallback,legacy_dataset
Perial Hospitalité Europe,PERIAL Asset Management,2020,4,Oui,333.11,181.0,165.61,0.0,181.17,144.93,4.02,6.2,20.7,98.1,29,905.0,4.0,Trimestriel,8.0,8.5,Article 8,Profil équilibré,9.0,"{""Santé et éducation"": 61.0, ""loisirs"": 37.9, ""résidences étudiantes"": 1.1}","{""Allemagne"": 67.5, ""Espagne"": 17.6, ""Italie"": 11.4, ""Pays-Bas"": 3.5}",parsed,ok,ok,ok,legacy_fallback,legacy_dataset
Sofiprime,Sofidy,2016,3,Non,44.9,280.0,238.5,-1.31,283.72,230.25,0.54,1.5,22.9,88.52,27,2800.0,4.0,Trimestriel,10.0,9.67,Article 6,Profil équilibré,1.03,"{""Bureaux"": 98.0, ""Commerces"": 2.0}","{""Paris"": 41.0, ""Île-de-France hors Paris"": 34.0, ""Régions françaises"": 25.0}",parsed,ok,ok,ok,legacy_fallback,legacy_dataset
Selectinvest 1,La Française REM,1968,4,Oui,1552.4,530.0,490.0,-9.46,585.36,489.73,4.4,26.28,33.8,89.8,248,530.0,5.0,Trimestriel,9.0,7.5,Article 8,Profil équilibré,9.0,"{""Bureaux"": 72.52, ""Commerces"": 21.41, ""Logistique et locaux d'activités"": 3.87, ""tourisme et loisirs"": 1.68, ""Santé et éducation"": 0.52}","{""Ile-de-France"": 54.5, ""Régions"": 24.8, ""Paris"": 17.28, ""Allemagne"": 3.42}",parsed,ok,ok,ok,legacy_fallback,legacy_dataset
Transitions Europe,Arkéa REIM,2022,3,Oui,542.0,200.0,180.0,-2.84,205.84,175.37,8.25,16.5,0.0,100.0,29,1000.0,6.0,Trimestriel,10.0,10.0,Article 8,Profil équilibré,10.0,"{""Bureaux"": 38.0, ""Commerces"": 18.0, ""Life Sciences"": 13.0, ""Hospitalité"": 11.0, ""Logistique"": 13.0, ""Éducation"": 7.0}","{""Espagne"": 34.0, ""Pays-Bas"": 27.0, ""Allemagne"": 20.0, ""Irlande"": 12.0, ""Pologne"": 7.0}",parsed,ok,ok,ok,legacy_fallback,legacy_dataset
Urban Coeur de Commerce,Urban Premium,2018,3,Oui,72.99,300.0,264.5,-5.52,316.57,261.09,5.1,3.82,30.0,92.3,105,3000.0,6.0,Trimestriel,10.0,9.86,Article 8,Profil équilibré,10.0,"{""Commerces de services"": 30.0, ""restauration"": 29.0, ""Commerces de santé"": 16.0, ""Commerces divers"": 25.0}","{""Province"": 83.0, ""Île de France"": 17.0}",parsed,ok,ok,ok,legacy_fallback,legacy_dataset
Épargne Foncière,La Française REM,1968,4,Oui,5201.52,670.0,619.75,-9.83,743.07,617.45,4.52,36.72,23.08,89.2,456,670.0,6.0,Trimestriel,9.0,7.5,Article 8,Profil équilibré,10.0,"{""Bureaux"": 70.99, ""Commerces"": 19.36, ""Hôtels"": 5.73, ""Santé et éducation"": 3.4, ""Logistique et locaux d'activités"": 0.52}","{""Paris"": 22.44, ""Île-de-France"": 37.59, ""Régions"": 31.82, ""Allemagne"": 5.37, ""Pays-Bas"": 1.47, ""Royaume-Uni"": 0.9, ""Irlande"": 0.41}",parsed,ok,ok,ok,legacy_fallback,legacy_dataset
Épargne Pierre,Atland Voisin,2013,3,Oui,2734.0,208.0,187.2,0.0,208.64,170.1,5.28,10.98,11.7,95.72,410,2080.0,6.0,Trimestriel,10.0,10.0,Article 8,Profil équilibré,10.0,"{""Locaux commerciaux"": 84.1, ""Bureaux"": 15.8, ""Entrepôts et activités"": 0.1}","{""Régions"": 51.8, ""Paris"": 25.8, ""Île-de-France"": 19.9, ""Europe"": 2.5}",parsed,ok,ok,ok,legacy_fallback,legacy_dataset
Épargne Pierre Europe,Atland Voisin,2022,3,Oui,268.0,200.0,180.0,-3.15,206.51,176.3,6.75,13.5,0.0,100.0,16,6000.0,6.0,Trimestriel,10.0,10.0,Article 8,Profil équilibré,10.0,"{""Bureaux"": 38.5, ""Commerces"": 28.39, ""Hôtellerie"": 13.0, ""Santé"": 16.27, ""Activités / Logistique"": 3.84}","{""Espagne"": 52.8, ""Pays-Bas"": 19.86, ""Irlande"": 27.34}",parsed,ok,ok,ok,legacy_fallback,legacy_dataset
ESG Pierre Capital,Swiss Life AM France,2017,3,Oui,126.45,188.0,184.5,0.0,188.03,153.25,5.5,60.5,27.74,98.4,10,188.0,6.0,Trimestriel,10.0,8.0,Article 8,Profil équilibré,8.5,"{""Hôtellerie Bien-Être"": 33.0, ""Logistique"": 24.0, ""Bureaux"": 20.0, ""Éducation"": 11.0, ""Commerces"": 12.0}","{""France"": 51.0, ""Allemagne"": 49.0}",parsed,ok,ok,ok,legacy_fallback,legacy_dataset
Ficommerce Proximité,FIDUCIAL Gérance,1986,3,Oui,599.8,210.0,189.0,0.0,209.27,175.18,5.07,10.65,1.79,95.72,284,2100.0,4.0,Trimestriel,8.0,10.0,Article 8,Profil équilibré,9.3,"{""Locaux commerciaux"": 84.1, ""Bureaux"": 15.8, ""Entrepôts et activités"": 0.1}","{""Régions"": 51.8, ""Paris"": 25.8, ""Île-de-France"": 19.9, ""Europe"": 2.5}",parsed,ok,ok,ok,legacy_fallback,legacy_dataset
Foncière des Praticiens,MAGELLIM REIM,2017,3,Oui,164.9,1100.0,1012.0,1.63,1082.36,957.21,5.5,60.5,1.79,97.69,23,1100.0,5.0,Trimestriel,,8.0,Article 8,Profil équilibré,8.5,"{""Services"": 33.0, ""Bureaux"": 20.0, ""Commerces"": 12.0, ""Hôtellerie Bien-Être"": 11.0, ""Logistique"": 24.0}","{""France"": 51.0, ""Allemagne"": 49.0}",parsed,ok,ok,ok,legacy_fallback,legacy_dataset
Selectipierre 2,FIDUCIAL Gérance,1978,3,Oui,473.1,773.0,695.7,-2.95,796.46,664.0,4.08,31.5,24.57,95.35,70,7730.0,6.0,Trimestriel,8.0,10.0,Article 8,Profil équilibré,9.0,"{""Bureaux"": 67.5, ""Locaux commerciaux"": 21.3, ""Résidence hôtelières / étudiantes"": 4.3, ""Locaux d'habitation"": 5.6, ""Locaux d'activité"": 1.3}","{""Paris"": 71.0, ""Ile-de-France"": 22.6, ""Régions"": 6.4}",parsed,ok,ok,ok,legacy_fallback,legacy_dataset
